Date,Bid_Open,Bid_High,Bid_Low,Bid_Close,Ask_Open,Ask_High,Ask_Low,Ask_Close,macd,macdsignal,macdhist,ema200
2020-08-31 14:00:00,1.19236,1.19652,1.19229,1.19599,1.19249,1.19668,1.19243,1.19614,0.0015308400091149643,0.0012917827272231472,0.00023905728189181717,1.184193849999999
2020-08-31 15:00:00,1.19596,1.19597,1.19417,1.19503,1.19613,1.19617,1.19431,1.19515,0.0016333523016653917,0.001360096642111596,0.0002732556595537957,1.1843016723880588
2020-08-31 16:00:00,1.19503,1.19514,1.19393,1.19436,1.19518,1.19529,1.19406,1.19449,0.0016416072054965536,0.0014163987547885875,0.00022520845070796614,1.1844017552498691
2020-08-31 17:00:00,1.19437,1.19496,1.19417,1.19429,1.19451,1.1951,1.1943,1.19442,0.0016237829027374584,0.0014578755843783616,0.00016590731835909676,1.1845001457448954
2020-08-31 18:00:00,1.19428,1.19429,1.1933,1.19337,1.19441,1.19443,1.19343,1.19359,0.001517923031313817,0.0014698850737654527,4.803795754836429e-05,1.184588403001165
2020-08-31 19:00:00,1.19338,1.19366,1.19252,1.19324,1.19354,1.19383,1.19266,1.19337,0.0014073157470779751,0.0014573712084279572,-5.005546134998211e-05,1.1846744885434422
2020-08-31 20:00:00,1.19325,1.19382,1.19277,1.19348,1.19338,1.19411,1.19291,1.19375,0.001323765131256982,0.0014306499929937623,-0.00010688486173678026,1.1847621055728605
2020-08-31 21:00:00,1.19307,1.19368,1.19287,1.19368,1.19407,1.19418,1.19387,1.19412,0.001259174020499687,0.0013963547984949473,-0.0001371807779952602,1.1848508408407923
2020-08-31 22:00:00,1.19371,1.19394,1.19357,1.19367,1.19403,1.19414,1.19371,1.19381,0.0011934211671087436,0.0013557680722177065,-0.00016234690510896288,1.184938593668247
2020-08-31 23:00:00,1.19365,1.19405,1.19353,1.19361,1.1938,1.19421,1.19367,1.19375,0.0011235188327756163,0.0013093182243292885,-0.00018579939155367224,1.1850248763183142
2020-09-01 00:00:00,1.19363,1.19476,1.19355,1.19405,1.19377,1.19489,1.1937,1.19419,0.001091048128294858,0.0012656642051224025,-0.00017461607682754438,1.1851146785440025
2020-09-01 01:00:00,1.19407,1.19733,1.19407,1.197,1.19421,1.1975,1.19421,1.19715,0.0012885021560857801,0.001270231795315078,1.8270360770702076e-05,1.1852329404490374
2020-09-01 02:00:00,1.19701,1.19939,1.19648,1.19905,1.19717,1.19957,1.19664,1.19922,0.0015920515834879634,0.0013345957529496552,0.00025745583053830823,1.1853704236286489
2020-09-01 03:00:00,1.19906,1.19967,1.19846,1.19889,1.19924,1.19981,1.19862,1.19904,0.001798968638193399,0.001427470329998404,0.00037149830819499497,1.1855049467766225
2020-09-01 04:00:00,1.19891,1.19944,1.19863,1.1987,1.19905,1.19959,1.19878,1.19883,0.0019254253774847463,0.0015270613394956724,0.0003983640379890739,1.1856362408385468
2020-09-01 05:00:00,1.1987,1.19943,1.19828,1.1993,1.19886,1.19957,1.19844,1.19944,0.0020504222486961154,0.001631733521335761,0.0004186887273603544,1.1857721986411482
2020-09-01 06:00:00,1.19929,1.1993,1.19745,1.19761,1.19943,1.19944,1.19759,1.19775,0.0019901728201727753,0.0017034213811031639,0.0002867514390696114,1.1858899877093956
2020-09-01 07:00:00,1.19759,1.19961,1.19636,1.199,1.19774,1.19976,1.19656,1.19915,0.00203117201070091,0.0017689715070227131,0.000262200503678197,1.1860204355928843
2020-09-01 08:00:00,1.19899,1.19906,1.19604,1.19728,1.19913,1.19922,1.19629,1.19741,0.0019029386470328369,0.0017957649350247378,0.00010717371200809908,1.1861324710596217
2020-09-01 09:00:00,1.19725,1.19818,1.19628,1.19802,1.1974,1.19832,1.19643,1.19816,0.001839816340488909,0.001804575216117572,3.524112437133689e-05,1.1862507549296752
2020-09-01 10:00:00,1.19804,1.19938,1.19691,1.19867,1.19817,1.19959,1.19704,1.1988,0.0018212468257836623,0.00180790953805079,1.3337287732872235e-05,1.1863743295074893
2020-09-01 11:00:00,1.19865,1.19947,1.19786,1.1987,1.19879,1.19961,1.19799,1.19884,0.001788336273512936,0.0018039948851432193,-1.5658611630283304e-05,1.186496972994977
2020-09-01 12:00:00,1.19869,1.19898,1.19764,1.1988,1.19883,1.1991,1.19775,1.19894,0.0017501489602123055,0.0017932257001570366,-4.3076739944731103e-05,1.1866193911741314
2020-09-01 13:00:00,1.19879,1.20105,1.19634,1.19739,1.19892,1.20123,1.19649,1.1976,0.0015878067750314528,0.00175214191513192,-0.00016433514010046708,1.1867265614112048
2020-09-01 14:00:00,1.19738,1.19745,1.19353,1.19627,1.19758,1.19768,1.19368,1.19641,0.0013531762108578427,0.0016723487742771044,-0.0003191725634192617,1.186821520999153
2020-09-01 15:00:00,1.19628,1.19657,1.19443,1.19481,1.19642,1.19671,1.19457,1.19495,0.0010374607977776673,0.001545371178977217,-0.0005079103811995497,1.1869010083523952
2020-09-01 16:00:00,1.19482,1.19502,1.19312,1.19335,1.19496,1.19515,1.19328,1.19348,0.0006618152656177045,0.0013686599963053144,-0.0007068447306876099,1.1869651774235157
2020-09-01 17:00:00,1.19333,1.19334,1.19048,1.19148,1.19347,1.19349,1.19063,1.19165,0.00021079024451675643,0.0011370860459476028,-0.0009262958014308463,1.187010101031242
2020-09-01 18:00:00,1.19151,1.19186,1.19034,1.19095,1.19165,1.192,1.19049,1.19108,-0.00018725830756549655,0.0008722171752449828,-0.0010594754828104794,1.1870493040060555
2020-09-01 19:00:00,1.19093,1.19118,1.19006,1.19118,1.19107,1.19132,1.19021,1.19132,-0.00047863813261495025,0.0006020461136729961,-0.0010806842462879464,1.1870904054587315
2020-09-01 20:00:00,1.1912,1.19142,1.19083,1.19108,1.19132,1.19158,1.19098,1.1913,-0.0007094498116979597,0.00033974692859880493,-0.0010491967402967647,1.1871301029168535
2020-09-01 21:00:00,1.19108,1.19165,1.19098,1.19148,1.19159,1.19223,1.19145,1.19183,-0.0008502914427548358,0.00010173925432807677,-0.0009520306970829126,1.1871733854748947
2020-09-01 22:00:00,1.1914,1.19207,1.19135,1.19172,1.19184,1.19224,1.19153,1.19188,-0.000931802219876321,-0.0001049690405128028,-0.0008268331793635181,1.1872186254204182
2020-09-01 23:00:00,1.19174,1.1928,1.19162,1.1922,1.19189,1.19296,1.19177,1.19235,-0.0009467545128363231,-0.0002733261349775069,-0.0006734283778588162,1.187268191336633
2020-09-02 00:00:00,1.19218,1.19231,1.19057,1.19069,1.19233,1.1925,1.19071,1.19082,-0.0010681358875161973,-0.00043228808548524493,-0.0006358478020309523,1.1873022391840296
2020-09-02 01:00:00,1.19067,1.19086,1.18909,1.19012,1.19081,1.191,1.18925,1.19025,-0.0011965328518663831,-0.0005851370387614726,-0.0006113958131049106,1.187330276605084
2020-09-02 02:00:00,1.19011,1.19074,1.18976,1.19052,1.19024,1.1909,1.18991,1.19066,-0.0012515842301821234,-0.0007184264770456028,-0.0005331577531365206,1.1873620151463269
2020-09-02 03:00:00,1.19051,1.19064,1.18981,1.19023,1.19065,1.19078,1.18995,1.19037,-0.0013035864869230807,-0.0008354584790210984,-0.0004681280079019823,1.18739055230905
2020-09-02 04:00:00,1.19025,1.19087,1.19002,1.19045,1.19038,1.191,1.19018,1.1906,-0.001311923451755348,-0.0009307514735679483,-0.0003811719781873997,1.1874209945746317
2020-09-02 05:00:00,1.19045,1.19082,1.18969,1.19071,1.19058,1.19097,1.18983,1.19085,-0.0012827638264614194,-0.0010011539441466424,-0.00028160988231477695,1.1874537209967746
2020-09-02 06:00:00,1.19068,1.1913,1.189,1.19027,1.19085,1.19147,1.18915,1.19039,-0.0012803992901033734,-0.0010570030133379886,-0.00022339627676538475,1.1874817436734235
2020-09-02 07:00:00,1.19028,1.19073,1.18632,1.18737,1.1904,1.19088,1.18647,1.18747,-0.00149529431956541,-0.0011446612745834729,-0.00035063304498193716,1.187480631796076
2020-09-02 08:00:00,1.18734,1.18754,1.18519,1.18568,1.18747,1.18767,1.18532,1.18581,-0.001781433794846743,-0.001272015778636127,-0.000509418016210616,1.1874627150617867
2020-09-02 09:00:00,1.18567,1.18715,1.18539,1.18706,1.1858,1.18728,1.18552,1.18719,-0.0018752304345133197,-0.0013926587098115656,-0.0004825717247017541,1.187458707946744
2020-09-02 10:00:00,1.18706,1.18771,1.1856,1.18609,1.18717,1.18784,1.18573,1.18623,-0.002004726600240536,-0.0015150722878973597,-0.0004896543123431765,1.1874450889621992
2020-09-02 11:00:00,1.18608,1.18638,1.18446,1.18556,1.18621,1.1865,1.18462,1.18568,-0.002125617025237725,-0.0016371812353654328,-0.0004884357898722921,1.1874263318580978
2020-09-02 12:00:00,1.18555,1.18758,1.18514,1.18587,1.18567,1.18771,1.18528,1.186,-0.0021713788451047655,-0.0017440207573132993,-0.00042735808779146623,1.1874108459689625
2020-09-02 13:00:00,1.18584,1.18599,1.18233,1.18343,1.186,1.18612,1.18247,1.18359,-0.0023771309393583184,-0.0018706427937223032,-0.0005064881456360152,1.187371235561311
2020-09-02 14:00:00,1.18342,1.18466,1.18212,1.18398,1.18364,1.18479,1.18232,1.18412,-0.0024673682674560826,-0.001989987888469059,-0.0004773803789870235,1.187337491923885
2020-09-02 15:00:00,1.18399,1.18423,1.18263,1.18387,1.18414,1.18442,1.18278,1.184,-0.0025187238006669777,-0.0020957350709086427,-0.00042298872975833493,1.1873029895166822
2020-09-02 16:00:00,1.18388,1.18488,1.18261,1.18474,1.18402,1.18503,1.18278,1.18488,-0.002460854502747578,-0.00216875895727643,-0.0002920955454711483,1.1872774871334317
2020-09-02 17:00:00,1.18473,1.18473,1.18287,1.1833,1.18486,1.18486,1.18305,1.18346,-0.002502343178135691,-0.002235475801448282,-0.00026686737668740875,1.1872379101470294
2020-09-02 18:00:00,1.18331,1.18335,1.18225,1.18238,1.18348,1.18348,1.18239,1.18251,-0.002579722132606266,-0.002304325067679879,-0.0002753970649263869,1.1871895727326311
2020-09-02 19:00:00,1.18236,1.18464,1.18226,1.18459,1.1825,1.18478,1.18244,1.18472,-0.0024346518304665388,-0.002330390420237211,-0.00010426141022932796,1.1871637063372815
2020-09-02 20:00:00,1.18456,1.18573,1.18425,1.1854,1.18471,1.18589,1.18438,1.18562,-0.0022286320572177942,-0.0023100387476333276,8.140669041553335e-05,1.1871461570204926
2020-09-02 21:00:00,1.18489,1.18534,1.18484,1.18526,1.18573,1.18588,1.18545,1.18572,-0.002052991128806969,-0.002258629223868056,0.00020563809506108678,1.1871273892889453
2020-09-02 22:00:00,1.18526,1.18542,1.185,1.1853,1.18565,1.18572,1.18517,1.18546,-0.0018887939213192428,-0.0021846621633582934,0.0002958682420390506,1.1871092063109459
2020-09-02 23:00:00,1.18532,1.18542,1.18446,1.18451,1.18548,1.18559,1.18462,1.18465,-0.0018016446115061147,-0.0021080586529878577,0.00030641404148174303,1.1870833435615833
2020-09-03 00:00:00,1.18452,1.18462,1.18293,1.18306,1.18466,1.18476,1.18308,1.18322,-0.0018285031908660265,-0.0020521475605634913,0.00022364436969746476,1.187043310292314
2020-09-03 01:00:00,1.18305,1.18357,1.18237,1.18301,1.1832,1.18371,1.18253,1.18315,-0.0018326971981610374,-0.0020082574880830005,0.00017556028992196313,1.1870031778515944
2020-09-03 02:00:00,1.18302,1.18353,1.18211,1.18265,1.18316,1.18365,1.18224,1.1828,-0.001843815611874744,-0.0019753691128413494,0.0001315535009666054,1.186959862649091
2020-09-03 03:00:00,1.18266,1.18272,1.18194,1.18202,1.18282,1.18287,1.18208,1.18216,-0.0018817708863012594,-0.0019566494675333315,7.487858123207203e-05,1.186910709786911
2020-09-03 04:00:00,1.18201,1.18248,1.18037,1.18097,1.18215,1.18262,1.18053,1.18111,-0.0019738239259654566,-0.0019600843592197563,-1.3739566745700309e-05,1.1868515982467427
2020-09-03 05:00:00,1.18098,1.18116,1.1796,1.18015,1.18114,1.18132,1.17977,1.18031,-0.0020888646387966503,-0.001985840415135135,-0.00010302422366151526,1.1867849156771233
2020-09-03 06:00:00,1.18013,1.18072,1.17888,1.17975,1.1803,1.18085,1.17901,1.17987,-0.0021871003580942183,-0.0020260924037269518,-0.00016100795436726654,1.1867149165161568
2020-09-03 07:00:00,1.17974,1.18199,1.17883,1.1817,1.17992,1.18211,1.17898,1.18186,-0.0020835858890755343,-0.0020375911007966684,-4.599478827886595e-05,1.1866650168493293
2020-09-03 08:00:00,1.18167,1.18354,1.18145,1.1832,1.18186,1.18368,1.18159,1.18332,-0.0018590821211652564,-0.002001889304870386,0.00014280718370512967,1.186630539069734
2020-09-03 09:00:00,1.18316,1.18354,1.18188,1.18226,1.18333,1.18367,1.18202,1.18239,-0.0017369884896554222,-0.0019489091418273933,0.00021192065217197115,1.1865870511187915
2020-09-03 10:00:00,1.18228,1.18279,1.18107,1.18117,1.1824,1.18293,1.1812,1.18132,-0.0017084879123794305,-0.0019008248959378007,0.00019233698355837015,1.1865331501126344
2020-09-03 11:00:00,1.18119,1.18131,1.1801,1.18129,1.18133,1.18146,1.18024,1.18141,-0.001657115802976561,-0.0018520830773455527,0.00019496727436899182,1.1864809794647475
2020-09-03 12:00:00,1.18128,1.18408,1.18063,1.18318,1.1814,1.18421,1.18076,1.18331,-0.0014472132579688157,-0.0017711091134702053,0.0003238958555013896,1.186448133897934
2020-09-03 13:00:00,1.18314,1.18484,1.18268,1.18432,1.18331,1.18498,1.18281,1.18455,-0.0011753270673449112,-0.0016519527042451465,0.0004766256369002353,1.186426958436263
2020-09-03 14:00:00,1.18434,1.18484,1.18235,1.18369,1.18457,1.18496,1.18247,1.18381,-0.0009991731907326162,-0.0015213968015426404,0.0005222236108100241,1.1863997250189868
2020-09-03 15:00:00,1.18367,1.18394,1.18105,1.18292,1.1838,1.18408,1.18118,1.18305,-0.000911198806597957,-0.0013993572025537038,0.00048815839595574674,1.1863651008894447
2020-09-03 16:00:00,1.18292,1.18435,1.18253,1.18328,1.18303,1.1845,1.18266,1.18341,-0.0008031710263602942,-0.0012801199673150218,0.0004769489409547276,1.1863344033681567
2020-09-03 17:00:00,1.18328,1.18472,1.18313,1.18469,1.18345,1.18485,1.18328,1.18481,-0.0005969022979532834,-0.0011434764334426742,0.0005465741354893907,1.186318041145588
2020-09-03 18:00:00,1.18467,1.18588,1.18459,1.18561,1.1848,1.18602,1.18472,1.18574,-0.0003551031255779602,-0.0009858017718697315,0.0006306986462917713,1.1863109959600597
2020-09-03 19:00:00,1.18563,1.1864,1.1847,1.18558,1.18576,1.18656,1.18483,1.18572,-0.00016400573268482432,-0.00082144256403275,0.0006574368313479257,1.1863037223684174
2020-09-03 20:00:00,1.18555,1.18586,1.18499,1.18509,1.18572,1.186,1.18518,1.18526,-5.150486095728546e-05,-0.0006674550234176571,0.0006159501624603716,1.1862916455289307
2020-09-03 21:00:00,1.18453,1.18501,1.18443,1.18489,1.18553,1.18555,1.18499,1.18525,2.1269381689004163e-05,-0.0005297101423963248,0.000550979524085329,1.1862776988072499
2020-09-03 22:00:00,1.18489,1.18502,1.18437,1.18456,1.18532,1.18532,1.18454,1.18473,5.1719066022526405e-05,-0.0004134243007125546,0.000465143366735081,1.1862606072768296
2020-09-03 23:00:00,1.18457,1.18501,1.18383,1.18407,1.18475,1.18517,1.18398,1.18423,3.589794615832531e-05,-0.0003235598513383786,0.0003594577974967039,1.1862388101894978
2020-09-04 00:00:00,1.18408,1.18572,1.18408,1.18519,1.18425,1.18586,1.18425,1.18533,0.00011243811781813662,-0.00023636025750707555,0.0003487983753252122,1.1862283742672142
2020-09-04 01:00:00,1.18521,1.18573,1.18451,1.18518,1.18534,1.18588,1.18467,1.18532,0.00017032642190706326,-0.00015502292162424778,0.00032534934353131104,1.1862179426824657
2020-09-04 02:00:00,1.18519,1.18564,1.18401,1.18406,1.18534,1.18579,1.18416,1.1842,0.00012439473511749455,-9.913939027589931e-05,0.00022353412539339386,1.1861964706159736
2020-09-04 03:00:00,1.18403,1.18492,1.18401,1.18472,1.18419,1.18507,1.18416,1.18486,0.00013964033965407907,-5.1383444289903633e-05,0.00019102378394398272,1.1861817793660634
2020-09-04 04:00:00,1.18471,1.18527,1.18441,1.18511,1.18485,1.18541,1.18457,1.18524,0.0001811046698221297,-4.885821467496963e-06,0.00018599049128962666,1.1861711148947593
2020-09-04 05:00:00,1.18509,1.18517,1.18435,1.18509,1.18523,1.18533,1.1845,1.18527,0.0002099316559103226,3.807767400806695e-05,0.00017185398190225565,1.1861603575326225
2020-09-04 06:00:00,1.18508,1.18523,1.18343,1.18362,1.18525,1.18538,1.18355,1.18374,0.00011285956061302116,5.303405132905779e-05,5.982550928396337e-05,1.186135080343243
2020-09-04 07:00:00,1.18363,1.18533,1.18329,1.18394,1.18375,1.18547,1.18341,1.18407,6.104684138441563e-05,5.463660934012936e-05,6.4102320442862665e-06,1.186113238747788
2020-09-04 08:00:00,1.18392,1.18648,1.1838,1.18586,1.18406,1.18661,1.18393,1.18599,0.0001729195332549338,7.829319412309025e-05,9.462633913184356e-05,1.1861107189592528
2020-09-04 09:00:00,1.18585,1.18623,1.1844,1.18521,1.18598,1.18635,1.18454,1.18534,0.00020674663334441234,0.00010398388196735467,0.00010276275137705768,1.1861017565815488
2020-09-04 10:00:00,1.18521,1.18585,1.18417,1.18466,1.18532,1.18598,1.1843,1.1848,0.00018701861622516525,0.00012059082881891679,6.642778740624846e-05,1.1860874107449164
2020-09-04 11:00:00,1.18466,1.18545,1.18391,1.18428,1.18478,1.18557,1.18405,1.18441,0.00013911753596129728,0.00012429617024739287,1.4821365713904404e-05,1.1860694265583998
2020-09-04 12:00:00,1.18429,1.18538,1.1801,1.18105,1.18444,1.18556,1.18025,1.18121,-0.00015766100311687126,6.790473557454005e-05,-0.00022556573869141132,1.18601948201553
2020-09-04 13:00:00,1.18107,1.18137,1.17895,1.17984,1.18122,1.18151,1.17909,1.17997,-0.0004849073114758795,-4.265767383554386e-05,-0.00044224963764033563,1.185957994632291
2020-09-04 14:00:00,1.17983,1.1806,1.1785,1.17966,1.17995,1.18076,1.17871,1.17979,-0.000750129834418356,-0.00018415210595210628,-0.0005659777284662497,1.1858953280190343
2020-09-04 15:00:00,1.17968,1.18208,1.17801,1.18194,1.17979,1.18222,1.17815,1.18207,-0.0007674964283543861,-0.00030082097043256225,-0.0004666754579218239,1.1858559715213324
2020-09-04 16:00:00,1.18196,1.1836,1.18154,1.18345,1.18208,1.18373,1.18167,1.1836,-0.000651900495644897,-0.0003710368754750292,-0.00028086362016986784,1.1858320315061948
2020-09-04 17:00:00,1.18348,1.18471,1.18312,1.18434,1.18362,1.18485,1.1833,1.18446,-0.00048290766522418593,-0.00039341103342486057,-8.949663179932537e-05,1.185817185421556
2020-09-04 18:00:00,1.18433,1.18542,1.18396,1.18508,1.18445,1.18556,1.18409,1.18522,-0.0002859713147209675,-0.00037192308968408196,8.595177496311448e-05,1.1858098502432322
2020-09-04 19:00:00,1.18509,1.18521,1.18417,1.18423,1.18524,1.18535,1.18431,1.18436,-0.00019622378866057666,-0.0003367832294793809,0.00014055944081880426,1.1857941303403143
2020-09-04 20:00:00,1.18421,1.18433,1.18356,1.18372,1.18435,1.18447,1.18374,1.18394,-0.00016435636751732652,-0.00030229785708697006,0.00013794148956964355,1.1857734922274754
2020-09-06 21:00:00,1.18425,1.18455,1.18327,1.18383,1.18525,1.18543,1.18421,1.18425,-0.00012874107895743947,-0.00026758650146106397,0.0001388454225036245,1.1857541539963563
2020-09-06 22:00:00,1.1838,1.18424,1.18348,1.18397,1.18422,1.18468,1.18372,1.18414,-8.82021368784347e-05,-0.0002317096285445381,0.0001435074916661034,1.1857364012202731
2020-09-06 23:00:00,1.18397,1.18429,1.18328,1.18337,1.18411,1.18443,1.18344,1.18352,-0.00010329895277783052,-0.0002060274933911966,0.00010272854061336607,1.1857128549394744
2020-09-07 00:00:00,1.18339,1.18421,1.18326,1.18354,1.18354,1.18435,1.18341,1.18368,-0.00010038849283833251,-0.00018489969328062378,8.451120044229127e-05,1.1856912344923154
2020-09-07 01:00:00,1.18353,1.18405,1.18344,1.18357,1.18367,1.18418,1.18358,1.1837,-9.45710271553768e-05,-0.0001668339600555744,7.22629329001976e-05,1.1856701276814465
2020-09-07 02:00:00,1.18358,1.18362,1.18293,1.18343,1.18371,1.18378,1.18306,1.18357,-0.00010010354233647156,-0.00015348787651175383,5.338433417528227e-05,1.1856478378537705
2020-09-07 03:00:00,1.18344,1.18378,1.1831,1.1836,1.18358,1.18392,1.18325,1.18373,-8.973609933216053e-05,-0.00014073752107583517,5.100142174367463e-05,1.1856274613577131
2020-09-07 04:00:00,1.18359,1.18365,1.18315,1.18332,1.18372,1.18379,1.1833,1.18347,-0.0001029270075272315,-0.00013317541836611443,3.0248410838882932e-05,1.1856045015432086
2020-09-07 05:00:00,1.1833,1.18354,1.18262,1.18291,1.18345,1.18368,1.18276,1.18308,-0.00014479536001599236,-0.00013549940669609002,-9.295953319902333e-06,1.1855776905825797
2020-09-07 06:00:00,1.18294,1.18326,1.1824,1.18276,1.18309,1.1834,1.18254,1.1829,-0.00018791392267791807,-0.00014598230989245562,-4.1931612785462444e-05,1.185549653860365
2020-09-07 07:00:00,1.18277,1.1845,1.18239,1.18373,1.18291,1.18463,1.18252,1.18387,-0.00014217588575871076,-0.00014522102506570666,3.045139306995893e-06,1.185531547851804
2020-09-07 08:00:00,1.18375,1.18482,1.1831,1.18318,1.18387,1.18495,1.18326,1.18332,-0.00014859564730906882,-0.0001458959495143791,-2.6996977946897288e-06,1.1855081493657165
2020-09-07 09:00:00,1.1832,1.18366,1.18244,1.1828,1.18332,1.18378,1.18258,1.18293,-0.00018224536764255284,-0.00015316583314001385,-2.9079534502538987e-05,1.1854812026058585
2020-09-07 10:00:00,1.18279,1.18289,1.1812,1.18187,1.18292,1.18303,1.18133,1.18199,-0.0002807202725463309,-0.00017867672102127725,-0.00010204355152505367,1.1854452702416212
2020-09-07 11:00:00,1.18185,1.1827,1.18149,1.18199,1.18198,1.18283,1.18167,1.18212,-0.00034510123482078825,-0.00021196162378117945,-0.0001331396110396088,1.1854108894431972
2020-09-07 12:00:00,1.18201,1.1825,1.1818,1.18218,1.18214,1.18264,1.18194,1.18233,-0.00037645268691810507,-0.0002448598364085646,-0.0001315928505095405,1.1853787412895336
2020-09-07 13:00:00,1.18217,1.18248,1.18143,1.18194,1.18231,1.18263,1.18156,1.18208,-0.0004158710304482671,-0.00027906207521650507,-0.00013680895523176205,1.1853445249582943
2020-09-07 14:00:00,1.18193,1.18318,1.1817,1.18257,1.18207,1.18332,1.18183,1.18269,-0.0003917586667701034,-0.0003016013935272247,-9.015727324287868e-05,1.1853169177447789
2020-09-07 15:00:00,1.18256,1.18278,1.18144,1.18178,1.18268,1.18292,1.18157,1.18192,-0.00043142267053508654,-0.0003275656489287971,-0.00010385702160628946,1.185281724533388
2020-09-07 16:00:00,1.1818,1.18185,1.1814,1.18157,1.18193,1.18199,1.18155,1.18169,-0.00047433409604291654,-0.00035691933835162095,-0.0001174147576912956,1.185244791950966
2020-09-07 17:00:00,1.18158,1.18189,1.18142,1.1815,1.18171,1.18213,1.18159,1.18172,-0.000508132687582652,-0.00038716200819782716,-0.0001209706793848248,1.1852075303395138
2020-09-07 18:00:00,1.1815,1.18154,1.18117,1.18123,1.18169,1.18172,1.18134,1.18141,-0.0005503608412096295,-0.00041980177480018763,-0.00013055906640944184,1.1851679529232002
2020-09-07 19:00:00,1.18121,1.18145,1.18112,1.18129,1.1814,1.18172,1.18131,1.18152,-0.0005723873337526442,-0.0004503188865906789,-0.00012206844716196525,1.1851293663269495
2020-09-07 20:00:00,1.18128,1.18133,1.18098,1.18109,1.18158,1.18164,1.18132,1.18162,-0.0005990760406311413,-0.0004800703173987714,-0.00011900572323236987,1.185089173627179
2020-09-07 21:00:00,1.18093,1.18132,1.18081,1.18128,1.18192,1.18213,1.18134,1.18166,-0.0005980022236198312,-0.0005036566986429834,-9.434552497684782e-05,1.185051271402033
2020-09-07 22:00:00,1.18127,1.18196,1.18127,1.18152,1.18174,1.18213,1.18162,1.18168,-0.0005712007746951908,-0.0005171655138534249,-5.403526084176596e-05,1.185016134373157
2020-09-07 23:00:00,1.18154,1.18192,1.1815,1.1818,1.18168,1.18206,1.18165,1.18197,-0.0005213568956266013,-0.0005180037902080602,-3.353105418541077e-06,1.1849841330361106
2020-09-08 00:00:00,1.18179,1.18209,1.18043,1.18064,1.18195,1.18225,1.18058,1.18079,-0.0005688996468335983,-0.0005281829615331678,-4.071668530043044e-05,1.1849409078317712
2020-09-08 01:00:00,1.18062,1.18083,1.17944,1.17964,1.18078,1.18097,1.17959,1.17978,-0.0006794371339975402,-0.0005584337960260423,-0.00012100333797149796,1.1848881624802112
2020-09-08 02:00:00,1.17961,1.18069,1.17957,1.18044,1.17978,1.18084,1.17972,1.18059,-0.0006944800412171936,-0.0005856430450642726,-0.00010883699615292107,1.184843902157025
2020-09-08 03:00:00,1.18044,1.18106,1.18036,1.18076,1.18057,1.1812,1.18051,1.18091,-0.0006728244267457661,-0.0006030793214005713,-6.974510534519488e-05,1.1848032663146666
2020-09-08 04:00:00,1.18079,1.18106,1.18056,1.18106,1.18091,1.1812,1.18073,1.1812,-0.0006242586384648252,-0.000607315184813422,-1.6943453651403176e-05,1.184766019883675
2020-09-08 05:00:00,1.18105,1.18114,1.17973,1.18106,1.18119,1.18128,1.17985,1.1812,-0.0005790944608832227,-0.0006016710400273821,2.257657914415945e-05,1.184729144063937
2020-09-08 06:00:00,1.18105,1.18266,1.18085,1.1816,1.18119,1.18281,1.18098,1.18173,-0.0004940331313150192,-0.0005801434582849096,8.611032696989032e-05,1.1846980083021068
2020-09-08 07:00:00,1.18159,1.18208,1.18026,1.18163,1.18171,1.18227,1.18039,1.18177,-0.00041936646990037296,-0.0005479880606080022,0.00012862159070762928,1.1846674808563147
2020-09-08 08:00:00,1.18162,1.18201,1.18042,1.18075,1.18176,1.18215,1.18057,1.18092,-0.00042628727397819866,-0.0005236479032820415,9.736062930384287e-05,1.1846285009472965
2020-09-08 09:00:00,1.18076,1.18145,1.17899,1.17928,1.18094,1.18158,1.17915,1.17942,-0.0005441165390080993,-0.0005277416304272531,-1.6374908580846182e-05,1.184575282032398
2020-09-08 10:00:00,1.1792,1.18055,1.17769,1.18001,1.17946,1.18072,1.17785,1.18014,-0.0005719985382310888,-0.0005365930119880203,-3.540552624306851e-05,1.1845298563405333
2020-09-08 11:00:00,1.18002,1.18048,1.17873,1.17942,1.18015,1.1806,1.17886,1.17956,-0.0006343904346224338,-0.0005561524965149031,-7.823793810753077e-05,1.1844790119988364
2020-09-08 12:00:00,1.17942,1.18056,1.17808,1.17999,1.17954,1.18072,1.17821,1.18015,-0.0006305733684375259,-0.0005710366708994276,-5.953669753809825e-05,1.1844343452127784
2020-09-08 13:00:00,1.18001,1.18019,1.17647,1.17768,1.18016,1.18032,1.17663,1.17781,-0.0008046702724986421,-0.0006177633912192705,-0.00018690688127937156,1.1843671377977258
2020-09-08 14:00:00,1.17764,1.18002,1.17721,1.17927,1.17781,1.18017,1.17735,1.1794,-0.0008050633423755116,-0.0006552233814505188,-0.00014983996092499282,1.1843164200086937
2020-09-08 15:00:00,1.17928,1.18013,1.17798,1.17874,1.17941,1.18027,1.17811,1.17888,-0.000838475994360266,-0.0006918739040324682,-0.00014660209032779778,1.184260933242438
2020-09-08 16:00:00,1.17875,1.18057,1.1787,1.17954,1.17889,1.18071,1.17883,1.17967,-0.0007912810522472391,-0.0007117553336754224,-7.952571857181674e-05,1.1842139587823144
2020-09-08 17:00:00,1.17955,1.17978,1.17874,1.17924,1.17968,1.17993,1.17888,1.17938,-0.0007692191340420429,-0.0007232480937487465,-4.597104029329638e-05,1.1841644666551272
2020-09-08 18:00:00,1.17925,1.17927,1.17769,1.17812,1.1794,1.17941,1.17782,1.17825,-0.0008325128547184146,-0.0007451010459426802,-8.741180877573445e-05,1.1841043227083101
2020-09-08 19:00:00,1.17808,1.1785,1.17737,1.17783,1.17825,1.17864,1.1775,1.17797,-0.0008957485292686584,-0.0007752305426078759,-0.00012051798666078259,1.1840418916365856
2020-09-08 20:00:00,1.17782,1.1782,1.17723,1.17729,1.17795,1.17835,1.17748,1.17751,-0.0009781611115597943,-0.0008158166563982596,-0.0001623444551615348,1.1839747086352266
2020-09-08 21:00:00,1.17717,1.17759,1.17691,1.17719,1.17817,1.17839,1.17727,1.17755,-0.0010395594468413094,-0.0008605652144868695,-0.00017899423235443986,1.1839071990965677
2020-09-08 22:00:00,1.17711,1.17725,1.17562,1.17661,1.17756,1.17769,1.17579,1.17677,-0.0011220845306449956,-0.0009128690777184948,-0.00020921545292650078,1.1838345901503333
2020-09-08 23:00:00,1.17663,1.17682,1.17573,1.17661,1.17677,1.17699,1.176,1.17678,-0.0011739536472359369,-0.0009650859916219832,-0.0002088676556139537,1.1837627036811758
2020-09-09 00:00:00,1.1766,1.17758,1.17652,1.17751,1.17676,1.17774,1.17665,1.17766,-0.0011294185830581505,-0.0009979525099092167,-0.00013146607314893375,1.183700487724149
2020-09-09 01:00:00,1.17749,1.17791,1.17666,1.17758,1.17764,1.17805,1.1768,1.17771,-0.001076071526131761,-0.0010135763131537256,-6.249521297803547e-05,1.1836395873487844
2020-09-09 02:00:00,1.17756,1.17779,1.1772,1.17741,1.1777,1.17794,1.17735,1.17754,-0.0010355737290967948,-0.0010179757963423395,-1.7597932754455326e-05,1.1835776014050154
2020-09-09 03:00:00,1.17743,1.17805,1.17732,1.17796,1.17756,1.17821,1.17746,1.1781,-0.0009481686319430249,-0.0010040143634624766,5.584573151945168e-05,1.1835217048736222
2020-09-09 04:00:00,1.17794,1.17822,1.1776,1.17779,1.17809,1.17836,1.17775,1.17793,-0.0008824447679969261,-0.0009797004443693664,9.725567637244035e-05,1.1834646729843323
2020-09-09 05:00:00,1.1778,1.17818,1.17771,1.17796,1.17795,1.17832,1.17785,1.17809,-0.0008073341080050422,-0.0009452271770965016,0.00013789306909145938,1.1834099001188165
2020-09-09 06:00:00,1.17793,1.17799,1.17601,1.17659,1.17808,1.17815,1.17616,1.17671,-0.0008485740854131674,-0.0009258965587598348,7.732247334666742e-05,1.1833420404161417
2020-09-09 07:00:00,1.17659,1.17785,1.17624,1.17743,1.17675,1.17798,1.17638,1.17755,-0.0008042057020671844,-0.0009015583874213047,9.735268535412023e-05,1.1832832141433443
2020-09-09 08:00:00,1.17742,1.1787,1.17626,1.17627,1.17754,1.17883,1.17638,1.1764,-0.0008528150233535481,-0.0008918097146077533,3.899469125420523e-05,1.1832134309180373
2020-09-09 09:00:00,1.17628,1.17748,1.17577,1.17665,1.17642,1.17762,1.1759,1.17678,-0.0008508671693945313,-0.0008836212055651089,3.2754036170577565e-05,1.1831481231477086
2020-09-09 10:00:00,1.17663,1.17664,1.17526,1.17546,1.17677,1.17682,1.17545,1.17559,-0.0009345733559575908,-0.0008938116356436052,-4.0761720313985594e-05,1.1830716244099204
2020-09-09 11:00:00,1.17547,1.17687,1.17521,1.17667,1.1756,1.17702,1.17535,1.1768,-0.0008929805009176839,-0.000893645408698421,6.649077807371288e-07,1.1830079266545979
2020-09-09 12:00:00,1.17668,1.18182,1.17645,1.17978,1.17683,1.18213,1.17659,1.17993,-0.0006021259221724584,-0.0008353415113932285,0.0002332155892207701,1.1829758079814179
2020-09-09 13:00:00,1.17977,1.18242,1.1791,1.18155,1.17991,1.18256,1.17924,1.18168,-0.00022618998814505353,-0.0007135112067435935,0.00048732121859853996,1.1829616208373241
2020-09-09 14:00:00,1.18156,1.18332,1.18054,1.1807,1.1817,1.18351,1.18068,1.18083,3.1181081801001653e-06,-0.0005701853437588548,0.000573303451938955,1.1829391171474006
2020-09-09 15:00:00,1.18071,1.18213,1.18044,1.18087,1.18085,1.18227,1.18058,1.18101,0.00019630116817070942,-0.00041688804137294193,0.0006131892095436514,1.1829185289170783
2020-09-09 16:00:00,1.18086,1.18116,1.18012,1.18028,1.18099,1.1813,1.18025,1.18041,0.00029835284003598694,-0.00027383986509115616,0.0005721927051271431,1.1828922748980029
2020-09-09 17:00:00,1.18027,1.18092,1.17983,1.18031,1.18039,1.18106,1.17996,1.18043,0.0003773009836338659,-0.00014361169534615176,0.0005209126789800176,1.1828665806204108
2020-09-09 18:00:00,1.18032,1.18083,1.17985,1.18075,1.18044,1.18097,1.17999,1.18088,0.00046995493108359376,-2.0898370060202658e-05,0.0004908533011437964,1.1828455201167252
2020-09-09 19:00:00,1.18075,1.18103,1.18032,1.18033,1.18086,1.18118,1.18045,1.18045,0.0005036871698993473,8.401873793170732e-05,0.00041966843196763993,1.1828204900658126
2020-09-09 20:00:00,1.18034,1.18072,1.18013,1.18013,1.18046,1.1809,1.18037,1.18043,0.0005084211214512191,0.00016889921463560968,0.00033952190681560944,1.1827937190203817
2020-09-09 21:00:00,1.17973,1.18019,1.17947,1.18019,1.18073,1.18093,1.18029,1.18048,0.0005111224097444911,0.00023734385365738598,0.0002737785560871051,1.1827678113684377
2020-09-09 22:00:00,1.18023,1.18087,1.18022,1.18082,1.18049,1.18102,1.18037,1.18099,0.0005576704571568225,0.0003014091743572733,0.0002562612827995492,1.1827484301607916
2020-09-09 23:00:00,1.18081,1.18095,1.18024,1.18029,1.18097,1.1811,1.18039,1.18046,0.0005455053039082891,0.00035022840026747645,0.00019527690364081265,1.182723968169142
2020-09-10 00:00:00,1.18028,1.1814,1.17998,1.18095,1.18043,1.18155,1.18014,1.1811,0.0005824071889255489,0.00039666415799909094,0.00018574303092645794,1.1827063167445733
2020-09-10 01:00:00,1.18097,1.18201,1.18064,1.182,1.18112,1.18217,1.18078,1.18214,0.0006884424869995076,0.00045501982379917425,0.00023342266320033336,1.182699288717264
2020-09-10 02:00:00,1.18201,1.18233,1.18143,1.18216,1.18216,1.18249,1.18158,1.1823,0.0007764366095703856,0.0005193031809534166,0.00025713342861696906,1.1826939226603759
2020-09-10 03:00:00,1.18217,1.18239,1.18199,1.18212,1.18232,1.18254,1.18213,1.18227,0.0008333387100509793,0.0005821102867729291,0.00025122842327805013,1.1826882119871382
2020-09-10 04:00:00,1.1821,1.18219,1.18185,1.18186,1.18226,1.18233,1.18199,1.182,0.0008476826496293111,0.0006352247593442056,0.0002124578902851055,1.1826799710718434
2020-09-10 05:00:00,1.18184,1.18283,1.18182,1.18265,1.18198,1.18298,1.18196,1.18279,0.0009122805208132689,0.0006906359116380182,0.00022164460917525072,1.182679672852223
2020-09-10 06:00:00,1.18265,1.18364,1.18245,1.18257,1.18279,1.18378,1.18258,1.18271,0.0009461132629566826,0.0007417313819017511,0.0002043818810549315,1.1826785815800616
2020-09-10 07:00:00,1.18256,1.18288,1.18148,1.18183,1.18269,1.18301,1.18167,1.18198,0.0009028071405565719,0.0007739465336327152,0.0001288606069238566,1.18267013798225
2020-09-10 08:00:00,1.1818,1.18395,1.18166,1.18338,1.18198,1.1841,1.18182,1.1835,0.0009822361655642542,0.000815604460019023,0.00016663170554523116,1.1826772012859093
2020-09-10 09:00:00,1.18337,1.18398,1.18284,1.18381,1.18349,1.1841,1.18297,1.18393,0.0010675753029285584,0.0008659986286009301,0.00020157667432762832,1.1826884729149052
2020-09-10 10:00:00,1.18382,1.18439,1.18304,1.18372,1.18394,1.18451,1.18316,1.18384,0.0011150908629384837,0.0009158170754684408,0.00019927378747004287,1.1826987368660007
2020-09-10 11:00:00,1.18373,1.18498,1.18305,1.18459,1.18385,1.18512,1.18317,1.18473,0.0012090122747645538,0.0009744561153276634,0.00023455615943689036,1.1827175554046474
2020-09-10 12:00:00,1.1846,1.1902,1.18384,1.1887,1.18474,1.19037,1.18409,1.18884,0.0015966827566824549,0.0010989014435986216,0.0004977813130838333,1.1827770822165415
2020-09-10 13:00:00,1.18871,1.19164,1.18832,1.18977,1.18886,1.19181,1.18846,1.18994,0.0019675735016986273,0.0012726358552186227,0.0006949376464800046,1.1828466634880188
2020-09-10 14:00:00,1.18974,1.19082,1.18665,1.18725,1.18993,1.19096,1.18681,1.18743,0.0020347092876604744,0.001425050541706993,0.0006096587459534814,1.1828904777816704
2020-09-10 15:00:00,1.18728,1.1887,1.18643,1.18786,1.18743,1.18883,1.18658,1.188,0.002112781948597542,0.0015625968230851028,0.0005501851255124391,1.1829399257639424
2020-09-10 16:00:00,1.18784,1.18838,1.18472,1.1857,1.18798,1.18865,1.18486,1.18584,0.001977565008322024,0.001645590460132487,0.00033197454818953724,1.1829673891891768
2020-09-10 17:00:00,1.18569,1.18635,1.18529,1.18542,1.18583,1.1865,1.18543,1.18558,0.001826753274392967,0.001681823022984583,0.00014493025140838406,1.1829917932768466
2020-09-10 18:00:00,1.18542,1.18571,1.1817,1.18244,1.18556,1.18585,1.18188,1.18257,0.0014500574341422823,0.0016354699052161228,-0.00018541247107384056,1.18298630279648
2020-09-10 19:00:00,1.18245,1.18261,1.18092,1.18171,1.18259,1.18275,1.18106,1.18185,0.001080166876291866,0.0015244092994312715,-0.00044424242313940553,1.1829736032661669
2020-09-10 20:00:00,1.1817,1.18189,1.18095,1.18133,1.18184,1.18203,1.18109,1.18157,0.0007477435973344271,0.0013690761590119025,-0.0006213325616774754,1.182957249004812
2020-09-10 21:00:00,1.18133,1.18203,1.181,1.18189,1.18157,1.18279,1.18157,1.18234,0.0005234490785233081,0.0011999507429141837,-0.0006765016643908756,1.1829466296117293
2020-09-10 22:00:00,1.1819,1.18281,1.18178,1.18265,1.1824,1.18295,1.18208,1.18283,0.00040238130363112745,0.0010404368550575725,-0.0006380555514264451,1.182943678073304
2020-09-10 23:00:00,1.18268,1.18281,1.18215,1.18228,1.18282,1.18296,1.18231,1.18242,0.00027342642240668624,0.0008870347685273952,-0.000613608346120709,1.1829370743113805
2020-09-11 00:00:00,1.18228,1.1836,1.18228,1.18342,1.18245,1.18377,1.18245,1.18357,0.00026021759612060436,0.000761671334046037,-0.0005014537379254327,1.182941879542113
2020-09-11 01:00:00,1.18344,1.18395,1.18305,1.18327,1.18358,1.18411,1.18318,1.18341,0.0002349375459407277,0.0006563245764249751,-0.00042138703048424746,1.182945144422291
2020-09-11 02:00:00,1.18326,1.18377,1.18307,1.18327,1.1834,1.18391,1.18322,1.1834,0.00021245388786894637,0.0005675504387137694,-0.00035509655084482305,1.1829483768160989
2020-09-11 03:00:00,1.18325,1.18356,1.18296,1.18333,1.18339,1.18371,1.1831,1.18347,0.0001972036841049185,0.0004934810877919992,-0.0002962774036870807,1.18295217406171
2020-09-11 04:00:00,1.18332,1.18367,1.18312,1.18346,1.18346,1.18381,1.18326,1.18362,0.0001933785537016064,0.00043346058097392065,-0.00024008202727231426,1.1829572270561208
2020-09-11 05:00:00,1.18349,1.18408,1.18316,1.18368,1.18362,1.18422,1.18329,1.18384,0.0002057277700100446,0.0003879140187811454,-0.0001821862487711008,1.1829644188267068
2020-09-11 06:00:00,1.18365,1.18395,1.18278,1.18355,1.18384,1.18409,1.18292,1.18366,0.0002026882355508075,0.00035086886213507785,-0.00014818062658427034,1.182970245505048
2020-09-11 07:00:00,1.18354,1.18486,1.18303,1.18336,1.18365,1.18504,1.18317,1.18356,0.0001828403013099944,0.00031726314997006114,-0.00013442284866006674,1.1829741236592266
2020-09-11 08:00:00,1.18336,1.18594,1.1833,1.1856,1.18353,1.18607,1.18344,1.18574,0.00034389573401227835,0.00032258966677850456,2.1306067233773794e-05,1.1830002517820204
2020-09-11 09:00:00,1.18561,1.18735,1.18538,1.18722,1.18575,1.1875,1.18551,1.18734,0.000595390494858794,0.0003771498323945625,0.00021824066246423155,1.183042239326478
2020-09-11 10:00:00,1.18723,1.18731,1.18541,1.18583,1.18735,1.18744,1.18555,1.18597,0.0006747622819054389,0.00043667232229673773,0.00023808995960870113,1.1830699782386522
2020-09-11 11:00:00,1.18585,1.18643,1.18468,1.18495,1.18598,1.18656,1.18485,1.18513,0.000659059126093986,0.0004811496830561874,0.00017790944303779858,1.1830886849228448
2020-09-11 12:00:00,1.18499,1.18562,1.18341,1.18458,1.18512,1.18574,1.18354,1.18473,0.000609729768964451,0.0005068657002378402,0.00010286406872661081,1.1831035238788363
2020-09-11 13:00:00,1.1846,1.1857,1.18392,1.18395,1.18474,1.18583,1.18405,1.18407,0.0005138765145868973,0.0005082678631076516,5.608651479245704e-06,1.183111946526808
2020-09-11 14:00:00,1.18397,1.18502,1.18272,1.18283,1.18409,1.18515,1.18285,1.18297,0.00034357693905362474,0.00047532967829684624,-0.0001317527392432215,1.1831091410887304
2020-09-11 15:00:00,1.18285,1.18387,1.1828,1.18305,1.18298,1.18401,1.18294,1.18318,0.00022378579652393427,0.00042502090194226384,-0.00020123510541832958,1.1831085526201859
2020-09-11 16:00:00,1.18302,1.18405,1.18287,1.18368,1.18318,1.18418,1.18301,1.1838,0.00017763848204621624,0.0003755444179630543,-0.00019790593591683807,1.183114238663766
2020-09-11 17:00:00,1.18368,1.1838,1.18258,1.18271,1.18383,1.18394,1.18272,1.18284,6.207989113571344e-05,0.0003128515125975861,-0.0002507716214618727,1.1831102163885048
2020-09-11 18:00:00,1.18272,1.18375,1.18256,1.18301,1.18285,1.1839,1.18269,1.18315,-5.233305630625296e-06,0.00024923454895194383,-0.0002544678545825691,1.1831092192105097
2020-09-11 19:00:00,1.183,1.18449,1.18268,1.18409,1.18313,1.18462,1.18281,1.18422,2.8241919759253165e-05,0.0002050360231134057,-0.00017679410335415252,1.1831189782233404
2020-09-11 20:00:00,1.18405,1.18476,1.18379,1.1845,1.18423,1.185,1.18393,1.18487,8.685365566574177e-05,0.0001813995496238729,-9.454589395813112e-05,1.183132719733556
2020-09-13 21:00:00,1.18349,1.18369,1.1833,1.18338,1.18449,1.18449,1.18391,1.18396,4.2440016781331025e-05,0.0001536076430553645,-0.00011116762627403349,1.1831351802337196
2020-09-13 22:00:00,1.1834,1.18469,1.1833,1.18447,1.18405,1.18496,1.18405,1.18467,9.4110926296187e-05,0.00014170829970352902,-4.759737340734202e-05,1.1831484620224388
2020-09-13 23:00:00,1.18448,1.18459,1.18376,1.184,1.18469,1.18474,1.18394,1.18415,9.602846592970948e-05,0.00013257233294876512,-3.6543867019055636e-05,1.183156935037141
2020-09-14 00:00:00,1.18399,1.18426,1.18312,1.18339,1.18412,1.18439,1.18329,1.18354,4.777550164347666e-05,0.00011561296668770742,-6.783746504423077e-05,1.1831592540914977
2020-09-14 01:00:00,1.1834,1.18443,1.18333,1.18428,1.18356,1.18457,1.18346,1.18441,8.04231734801153e-05,0.000108575008046189,-2.81518345660737e-05,1.1831704057920798
2020-09-14 02:00:00,1.18429,1.18497,1.18419,1.18484,1.18442,1.18512,1.18433,1.18501,0.00014975769502201253,0.00011681154544135371,3.294614958065882e-05,1.1831870186697706
2020-09-14 03:00:00,1.18482,1.18505,1.18453,1.18467,1.18499,1.18519,1.18466,1.1848,0.00018881171964846288,0.00013121158028277555,5.760013936568733e-05,1.1832017747029073
2020-09-14 04:00:00,1.18468,1.18494,1.18446,1.18465,1.18481,1.18511,1.1846,1.18482,0.00021566246008641876,0.0001481017562435042,6.756070384291457e-05,1.1832161849048684
2020-09-14 05:00:00,1.18468,1.18539,1.1844,1.18536,1.18482,1.18553,1.18458,1.1855,0.00029087984977338444,0.00017665737494948025,0.00011422247482390419,1.1832375163983522
2020-09-14 06:00:00,1.18535,1.18535,1.1842,1.18431,1.18549,1.18551,1.18434,1.18445,0.0002627352992456977,0.00019387295980872375,6.886233943697396e-05,1.1832481878769756
2020-09-14 07:00:00,1.18432,1.18638,1.1843,1.1863,1.18446,1.1865,1.18444,1.18643,0.00039643702975267203,0.0002343857737975134,0.00016205125595515862,1.183278554166757
2020-09-14 08:00:00,1.18631,1.18681,1.18558,1.18558,1.18645,1.18694,1.18572,1.18573,0.00043923539946866264,0.00027535569893174323,0.0001638797005369194,1.1833014541252966
2020-09-14 09:00:00,1.18557,1.18656,1.18488,1.18542,1.18571,1.18668,1.18501,1.18554,0.00045499782133195943,0.0003112841234117865,0.00014371369792017295,1.1833225341837514
2020-09-14 10:00:00,1.18543,1.18755,1.18533,1.18724,1.18557,1.18768,1.18545,1.18737,0.0006073473219789793,0.00037049676312522506,0.00023685055885375427,1.183361513943117
2020-09-14 11:00:00,1.18726,1.18782,1.18628,1.18657,1.18739,1.18794,1.18643,1.18671,0.0006663408359106615,0.00042966557768231233,0.00023667525822834918,1.1833934391775138
2020-09-14 12:00:00,1.18658,1.18835,1.18639,1.18771,1.18672,1.18849,1.18653,1.18784,0.0007959073686387708,0.000502913935873604,0.00029299343276516677,1.1834363900314688
2020-09-14 13:00:00,1.18772,1.18873,1.18736,1.18772,1.18786,1.18886,1.18751,1.18799,0.0008891471607348489,0.000580160580845853,0.0003089865798889959,1.1834790130162303
2020-09-14 14:00:00,1.18773,1.18856,1.18682,1.18707,1.18802,1.1887,1.18696,1.1872,0.0009002136968701002,0.0006441712040507025,0.00025604249281939776,1.1835147442299991
2020-09-14 15:00:00,1.18708,1.1884,1.18692,1.18726,1.18723,1.18854,1.18705,1.18739,0.0009137819095472732,0.0006980933451500166,0.0002156885643972566,1.1835520104565662
2020-09-14 16:00:00,1.18727,1.18743,1.18638,1.18663,1.1874,1.18762,1.18653,1.18675,0.0008637423962938318,0.0007312231553787796,0.00013251924091505212,1.1835826372181923
2020-09-14 17:00:00,1.18662,1.18672,1.1859,1.18614,1.18674,1.18685,1.18604,1.18627,0.0007756061121630964,0.000740099746735643,3.5506365427453415e-05,1.1836080836140312
2020-09-14 18:00:00,1.18613,1.18656,1.18588,1.1864,1.18625,1.18672,1.18601,1.18661,0.000718455392548778,0.00073577087589827,-1.7315483349492002e-05,1.1836358638765783
2020-09-14 19:00:00,1.1864,1.18697,1.18616,1.18617,1.18658,1.1871,1.1863,1.1863,0.000647144083534279,0.0007180455174254718,-7.090143389119278e-05,1.1836610791613884
2020-09-14 20:00:00,1.18618,1.18649,1.18602,1.18625,1.18632,1.18662,1.18617,1.18644,0.0005902803048642991,0.0006924924749132373,-0.00010221217004893822,1.1836868395677427
2020-09-14 21:00:00,1.18591,1.18642,1.18586,1.18618,1.1867,1.18712,1.18668,1.18685,0.0005334180246543418,0.0006606775848614582,-0.00012725956020711638,1.1837116471342328
2020-09-14 22:00:00,1.18624,1.1868,1.18624,1.18672,1.18671,1.18696,1.18665,1.18688,0.0005258658903057878,0.0006337152459503241,-0.00010784935564453631,1.1837415809935936
2020-09-14 23:00:00,1.1867,1.18678,1.18645,1.18665,1.18687,1.18695,1.18661,1.18681,0.000508372156667436,0.0006086466280937465,-0.00010027447142631056,1.1837705204861946
2020-09-15 00:00:00,1.18663,1.18695,1.1858,1.1868,1.1868,1.18711,1.18596,1.18695,0.0005008386370741746,0.0005870850298898321,-8.62463928156575e-05,1.183800664560959
2020-09-15 01:00:00,1.18682,1.18754,1.18635,1.1873,1.18697,1.18768,1.18649,1.18744,0.00052911478397899,0.0005754909807076637,-4.637619672867371e-05,1.1838354838190588
2020-09-15 02:00:00,1.1873,1.18814,1.1873,1.18795,1.18747,1.18828,1.18745,1.18811,0.0005970905140726401,0.000579810887380659,1.7279626691981114e-05,1.1838764242785706
2020-09-15 03:00:00,1.18796,1.18899,1.18796,1.18883,1.18813,1.18916,1.18813,1.18895,0.0007137428323618078,0.0006065972763768888,0.00010714555598491902,1.1839257135892316
2020-09-15 04:00:00,1.18881,1.18943,1.1887,1.18931,1.18894,1.18956,1.18884,1.18945,0.0008352938756668316,0.0006523365962348773,0.00018295727943195422,1.1839792885783935
2020-09-15 05:00:00,1.18932,1.18985,1.1892,1.18957,1.18947,1.19002,1.18934,1.18973,0.0009417478967672643,0.0007102188563413547,0.00023152904042590965,1.1840349175477627
2020-09-15 06:00:00,1.18958,1.18992,1.18834,1.18873,1.18975,1.19004,1.18847,1.18886,0.0009474113275806939,0.0007576573505892225,0.00018975397699147142,1.1840816347860934
2020-09-15 07:00:00,1.18869,1.1894,1.18753,1.18805,1.18887,1.18954,1.18765,1.18819,0.0008868067639435928,0.0007834872332600966,0.00010331953068349622,1.1841211210071274
2020-09-15 08:00:00,1.18804,1.18867,1.18774,1.1881,1.18818,1.18881,1.18788,1.18824,0.000833207099966371,0.0007934312066013515,3.977589336501947e-05,1.1841607118428774
2020-09-15 09:00:00,1.18806,1.1889,1.18803,1.18808,1.18824,1.18903,1.18817,1.18821,0.0007801223820358416,0.0007907694416882495,-1.0647059652407927e-05,1.1841997097349881
2020-09-15 10:00:00,1.18807,1.18989,1.18792,1.18986,1.1882,1.19002,1.18806,1.19,0.0008716358095028909,0.0008069427152511778,6.46930942517131e-05,1.1842560310311574
2020-09-15 11:00:00,1.18985,1.18999,1.18858,1.18906,1.18998,1.19013,1.18872,1.18918,0.0008695835283505371,0.0008194708778710496,5.011265047948749e-05,1.1843038317174146
2020-09-15 12:00:00,1.18907,1.18954,1.18678,1.18743,1.18919,1.18967,1.18692,1.18756,0.0007280373419393804,0.0008011841706847157,-7.314682874533533e-05,1.18433493786948
2020-09-15 13:00:00,1.18744,1.18811,1.18553,1.1863,1.18757,1.18823,1.18567,1.18643,0.0005187001606548058,0.0007446873686787338,-0.00022598720802392792,1.1843544907265002
2020-09-15 14:00:00,1.18627,1.18628,1.18387,1.18502,1.18642,1.18642,1.18403,1.18515,0.00024667017348711795,0.0006450839296404106,-0.00039841375615329267,1.1843611127093212
2020-09-15 15:00:00,1.18503,1.18524,1.18438,1.18446,1.18516,1.18538,1.18453,1.18458,-1.3942154618584723e-05,0.0005132787127886116,-0.0005272208674071963,1.1843620966624624
2020-09-15 16:00:00,1.18444,1.18531,1.18444,1.18522,1.18458,1.18543,1.18458,1.18534,-0.00015733993698474613,0.00037915498283394003,-0.0005364949198186862,1.1843706330140797
2020-09-15 17:00:00,1.18521,1.18543,1.18457,1.18459,1.18533,1.18559,1.18469,1.18471,-0.00031815198941420597,0.00023969358838431083,-0.0005578455777985168,1.1843728157701585
2020-09-15 18:00:00,1.1846,1.18534,1.18441,1.18534,1.18472,1.18548,1.18455,1.18546,-0.0003806896146576477,0.00011561694777591913,-0.0004963065624335669,1.1843824394938385
2020-09-15 19:00:00,1.18534,1.18535,1.18446,1.18458,1.18548,1.1855,1.18458,1.18471,-0.00048597476703182707,-4.701395185630118e-06,-0.00048127337184619695,1.1843844052700192
2020-09-15 20:00:00,1.18457,1.18492,1.18441,1.1846,1.18469,1.1851,1.18454,1.18477,-0.0005613295186979173,-0.00011602701988808756,-0.00044530249880982966,1.184386550491213
2020-09-15 21:00:00,1.18461,1.18475,1.18433,1.18463,1.18536,1.18559,1.18499,1.18507,-0.0006115780618130007,-0.0002151372282730702,-0.0003964408335399305,1.184388972874385
2020-09-15 22:00:00,1.18466,1.18498,1.18465,1.1847,1.1851,1.18514,1.18485,1.18487,-0.0006383929823523538,-0.0002997883790889269,-0.00033860460326342684,1.1843920676716548
2020-09-15 23:00:00,1.18473,1.18483,1.18399,1.18412,1.18487,1.18498,1.18416,1.18428,-0.0006983944957965615,-0.0003795096024304538,-0.0003188848933661077,1.1843893605306433
2020-09-16 00:00:00,1.18415,1.1845,1.18282,1.18339,1.18429,1.18464,1.18297,1.18352,-0.0007956789351526439,-0.00046274346897489185,-0.000332935466177752,1.1843794166447663
2020-09-16 01:00:00,1.18336,1.1844,1.18282,1.18436,1.18352,1.18453,1.18296,1.1845,-0.0007854524539057106,-0.0005272852659610556,-0.00025816718794465497,1.184379223444321
2020-09-16 02:00:00,1.18437,1.18484,1.1842,1.18448,1.18452,1.18497,1.18432,1.18462,-0.0007589165788102203,-0.0005736115285308886,-0.00018530505027933178,1.1843802261961187
2020-09-16 03:00:00,1.18447,1.18484,1.18447,1.18457,1.18461,1.18498,1.18461,1.18475,-0.0007222982541192913,-0.0006033488736485691,-0.00011894938047072212,1.1843821144926747
2020-09-16 04:00:00,1.1846,1.18483,1.1844,1.18471,1.18474,1.18498,1.18454,1.18485,-0.0006742092731890637,-0.0006175209535566681,-5.668831963239558e-05,1.184385377035036
2020-09-16 05:00:00,1.18469,1.18507,1.18407,1.18455,1.18484,1.18521,1.18422,1.1847,-0.00064161295738141,-0.0006223393543216165,-1.92736030597935e-05,1.1843870150744884
2020-09-16 06:00:00,1.18455,1.18543,1.18406,1.18493,1.18468,1.18556,1.18418,1.18505,-0.0005784493144278535,-0.0006135613463428639,3.511203191501036e-05,1.1843924179095682
2020-09-16 07:00:00,1.1849,1.18615,1.18459,1.18605,1.18505,1.18628,1.18474,1.18619,-0.0004330253854538668,-0.0005774541541650644,0.0001444287687111976,1.1844089112637017
2020-09-16 08:00:00,1.18607,1.18721,1.18589,1.18651,1.1862,1.18736,1.18602,1.18664,-0.00027745933984224536,-0.0005174551913005006,0.00023999585145825526,1.184429817619287
2020-09-16 09:00:00,1.18649,1.18816,1.18646,1.18762,1.18663,1.18834,1.1866,1.18775,-6.386817202863604e-05,-0.0004267377874461277,0.00036286961541749164,1.1844615607275526
2020-09-16 10:00:00,1.18764,1.18793,1.1861,1.18684,1.18777,1.18808,1.18624,1.18698,4.1980955711728996e-05,-0.00033299403881455636,0.00037497499452628536,1.184485226789965
2020-09-16 11:00:00,1.18681,1.18709,1.18612,1.18669,1.18698,1.18721,1.18628,1.18683,0.00011246695658284622,-0.00024390183973507584,0.00035636879631792206,1.184507164831856
2020-09-16 12:00:00,1.18671,1.1876,1.18452,1.18573,1.18684,1.18774,1.18466,1.18587,8.982816003944016e-05,-0.00017715583978017261,0.0002669839998196128,1.1845193323459668
2020-09-16 13:00:00,1.18572,1.18683,1.18417,1.18445,1.18585,1.18695,1.1843,1.18457,-3.104073366322346e-05,-0.00014793281855678277,0.00011689208489355931,1.1845186424718777
2020-09-16 14:00:00,1.18445,1.1849,1.18085,1.18298,1.18459,1.18502,1.18101,1.18311,-0.00024264980156507576,-0.00016687621515844138,-7.577358640663439e-05,1.1845033325965355
2020-09-16 15:00:00,1.18299,1.18464,1.18266,1.18337,1.18312,1.18484,1.1828,1.18352,-0.0003745640308152609,-0.00020841377828980528,-0.00016615025252545562,1.1844920556552765
2020-09-16 16:00:00,1.18339,1.18385,1.18304,1.18326,1.18352,1.18398,1.18318,1.18339,-0.0004824220277397373,-0.00026321542817979166,-0.00021920659955994564,1.1844797963950249
2020-09-16 17:00:00,1.18325,1.18361,1.18207,1.18267,1.18338,1.18374,1.1822,1.18317,-0.0006084939965240732,-0.000332271141848648,-0.0002762228546754252,1.1844617884706963
2020-09-16 18:00:00,1.1826,1.18538,1.17866,1.17992,1.1831,1.18563,1.17888,1.18006,-0.0009197071458961759,-0.00044975834265815356,-0.0004699488032380223,1.1844165965456148
2020-09-16 19:00:00,1.17991,1.18149,1.17892,1.17986,1.18005,1.18163,1.17912,1.18004,-0.001157840443599012,-0.0005913747628463253,-0.0005664656807526867,1.1843712572765042
2020-09-16 20:00:00,1.17985,1.18169,1.17981,1.18154,1.18001,1.18185,1.17997,1.18177,-0.001197200258681308,-0.0007125398620133218,-0.00048466039666798615,1.18434308556231
2020-09-16 21:00:00,1.18154,1.18161,1.18028,1.1813,1.18177,1.18202,1.1812,1.18166,-0.001233539711994469,-0.0008167398320095512,-0.00041679987998491787,1.1843128061039787
2020-09-16 22:00:00,1.18129,1.18186,1.1812,1.18152,1.18174,1.18205,1.18137,1.18168,-0.0012304035034849115,-0.0008994725663046233,-0.00033093093718028813,1.1842850169885162
2020-09-16 23:00:00,1.18152,1.18158,1.18014,1.18038,1.18171,1.18174,1.18031,1.18053,-0.0013048648386584372,-0.000980551020775386,-0.0003243138178830511,1.1842461610980832
2020-09-17 00:00:00,1.18036,1.18038,1.17681,1.17766,1.18052,1.18052,1.17696,1.17781,-0.0015653132939807968,-0.0010975034754164682,-0.00046780981856432854,1.1841806271568087
2020-09-17 01:00:00,1.17767,1.17901,1.17591,1.17615,1.17783,1.17914,1.17606,1.17631,-0.0018719858638887032,-0.0012523999531109152,-0.000619585910777788,1.18410072041893
2020-09-17 02:00:00,1.17613,1.17693,1.17594,1.17673,1.17629,1.17707,1.17609,1.17687,-0.0020446554173618736,-0.001410851045961107,-0.0006338043714007667,1.1840273799172492
2020-09-17 03:00:00,1.1767,1.1767,1.17361,1.1753,1.17686,1.17686,1.17383,1.17547,-0.0022707109886885846,-0.0015828230345066026,-0.000687887954181982,1.1839405403160825
2020-09-17 04:00:00,1.17529,1.17592,1.17491,1.17582,1.17545,1.17606,1.17507,1.17596,-0.002380461524757349,-0.001742350732556752,-0.0006381107922005971,1.1838597389199026
2020-09-17 05:00:00,1.17583,1.17705,1.17561,1.17687,1.17597,1.1772,1.17579,1.17702,-0.0023555599615661116,-0.0018649925783586238,-0.0004905673832074878,1.1837901892789084
2020-09-17 06:00:00,1.17687,1.1778,1.17549,1.17738,1.17702,1.17797,1.17563,1.17751,-0.002268522440985299,-0.0019456985508839587,-0.00032282389010134015,1.183726406301009
2020-09-17 07:00:00,1.17739,1.17944,1.17698,1.17934,1.17753,1.17958,1.17711,1.17947,-0.0020181252674136285,-0.0019601838941898926,-5.7941373223735926e-05,1.183682760467168
2020-09-17 08:00:00,1.17933,1.18116,1.17905,1.1803,1.17946,1.18128,1.17919,1.18045,-0.001722365370542267,-0.0019126201894603674,0.00019025481891810038,1.183649101159037
2020-09-17 09:00:00,1.18028,1.18076,1.17824,1.17987,1.18044,1.18089,1.17838,1.18001,-0.0015053185525313317,-0.0018311598620745603,0.0003258413095432286,1.1836114981624297
2020-09-17 10:00:00,1.17986,1.18044,1.1788,1.17977,1.17998,1.18056,1.17893,1.17991,-0.001326090207337316,-0.0017301459311271114,0.0004040557237897954,1.183573274300117
2020-09-17 11:00:00,1.17976,1.18075,1.17886,1.18049,1.1799,1.18087,1.179,1.18062,-0.0011131211026145227,-0.0016067409654245937,0.000493619862810071,1.1835425949538472
2020-09-17 12:00:00,1.18048,1.18122,1.17905,1.18076,1.18061,1.18135,1.1792,1.18089,-0.0009120413641265923,-0.0014678010451649934,0.0005557596810384011,1.1835149074418685
2020-09-17 13:00:00,1.18075,1.18164,1.17932,1.18084,1.18088,1.18179,1.17945,1.18096,-0.0007377248583126939,-0.0013217858077945335,0.0005840609494818397,1.183488291447422
2020-09-17 14:00:00,1.18084,1.18172,1.18008,1.18071,1.18098,1.18186,1.18021,1.18085,-0.0006031153468253336,-0.0011780517156006936,0.0005749363687753599,1.1834606467564028
2020-09-17 15:00:00,1.18072,1.18271,1.18059,1.18223,1.18086,1.18286,1.18075,1.18235,-0.0003695253837303625,-0.0010163464492266273,0.0006468210654962648,1.1834484015150455
2020-09-17 16:00:00,1.18222,1.18253,1.1818,1.18215,1.18234,1.18276,1.18194,1.18229,-0.00018868395528004456,-0.0008508139504373107,0.0006621299951572662,1.1834354820969852
2020-09-17 17:00:00,1.18214,1.18333,1.18203,1.18311,1.18228,1.18347,1.18221,1.18324,3.1732365645797955e-05,-0.000674304687220689,0.000706037052866487,1.1834322434691544
2020-09-17 18:00:00,1.18313,1.18438,1.183,1.18382,1.18326,1.18451,1.18313,1.18396,0.00026069976961151653,-0.00048730379585424787,0.0007480035654657644,1.1834361017430932
2020-09-17 19:00:00,1.18384,1.18508,1.18339,1.185,1.18396,1.18523,1.18352,1.18513,0.000531250302409747,-0.0002835929762014489,0.000814843278611196,1.1834516629197789
2020-09-17 20:00:00,1.18499,1.18518,1.18438,1.18467,1.18512,1.18532,1.18451,1.18489,0.0007108411722382968,-8.470614651349972e-05,0.0007955473187517965,1.183463785676796
2020-09-17 21:00:00,1.18467,1.18467,1.18397,1.18424,1.18489,1.18512,1.1847,1.1847,0.0008091435212809195,9.406378704538413e-05,0.0007150797342355354,1.1834715092024
2020-09-17 22:00:00,1.18415,1.18538,1.18415,1.18517,1.18471,1.18555,1.18459,1.18532,0.0009511280566130154,0.0002654766409589104,0.0006856514156541049,1.1834884096083462
2020-09-17 23:00:00,1.1852,1.18554,1.18456,1.18461,1.18533,1.18571,1.18471,1.18478,0.0010068580708291197,0.00041375292693295225,0.0005931051438961675,1.1834995697117459
2020-09-18 00:00:00,1.18464,1.18613,1.18463,1.18532,1.18479,1.18633,1.18479,1.18547,0.0010956851979690985,0.0005501393811401815,0.0005455458168289169,1.1835176834459573
2020-09-18 01:00:00,1.1853,1.18607,1.18448,1.18482,1.18546,1.18623,1.18465,1.18499,0.001112906620110321,0.0006626928289342095,0.0004502137911761116,1.1835306418196294
2020-09-18 02:00:00,1.18483,1.18493,1.18424,1.18456,1.18501,1.18507,1.18441,1.18468,0.0010929757500488524,0.000748749413157138,0.0003442263368917144,1.1835408841895834
2020-09-18 03:00:00,1.18455,1.18517,1.18447,1.18498,1.18467,1.18533,1.18462,1.18511,0.0010984091054133671,0.0008186813516083838,0.0002797277538049833,1.183555203749886
2020-09-18 04:00:00,1.18496,1.18515,1.18459,1.18481,1.1851,1.18531,1.18473,1.18496,0.0010765872715203795,0.000870262535590783,0.00020632473592959648,1.183567689284713
2020-09-18 05:00:00,1.18479,1.18549,1.18456,1.18545,1.18495,1.18564,1.18473,1.18561,0.0010982757233530815,0.0009158651731432427,0.00018241055020983888,1.1835864187445666
2020-09-18 06:00:00,1.18547,1.18659,1.18469,1.18649,1.18562,1.18673,1.18481,1.18661,0.0011857151004488475,0.0009698351586043636,0.0002158799418444839,1.1836153101003422
2020-09-18 07:00:00,1.1865,1.18683,1.1847,1.18481,1.18663,1.18699,1.18487,1.18494,0.001106692218111549,0.0009972065705058006,0.00010948564760574842,1.1836271975620303
2020-09-18 08:00:00,1.18479,1.18609,1.18393,1.18586,1.18493,1.18624,1.18407,1.18598,0.0011159285100907912,0.0010209509584227987,9.497755166799253e-05,1.1836494145017116
2020-09-18 09:00:00,1.18586,1.18633,1.1851,1.18533,1.18596,1.18646,1.18527,1.18545,0.0010681685848883404,0.001030394483715907,3.777410117243346e-05,1.1836661367454757
2020-09-18 10:00:00,1.18531,1.18531,1.18363,1.18403,1.18545,1.18545,1.18376,1.18418,0.0009148732750017263,0.0010072902419730708,-9.241696697134447e-05,1.1836697572753714
2020-09-18 11:00:00,1.18405,1.18442,1.18299,1.18413,1.18418,1.18456,1.18313,1.18426,0.0007923214136946743,0.0009642964763173915,-0.00017197506262271712,1.1836743368049696
2020-09-18 12:00:00,1.18414,1.18452,1.18299,1.18437,1.18427,1.18466,1.18312,1.18451,0.0007064209934259935,0.0009127213797391119,-0.0002063003863131184,1.1836812588268106
2020-09-18 13:00:00,1.18438,1.18511,1.18303,1.18312,1.18452,1.18524,1.18321,1.18328,0.0005313546129486202,0.0008364480263810135,-0.00030509341343239334,1.1836756741618673
2020-09-18 14:00:00,1.1831,1.18696,1.18254,1.18596,1.18327,1.18713,1.18269,1.18612,0.0006146917266720564,0.0007920967664392221,-0.00017740503976716574,1.183698403772197
2020-09-18 15:00:00,1.18596,1.18656,1.18543,1.18555,1.18616,1.18673,1.18557,1.18567,0.0006402727505103734,0.0007617319632534523,-0.00012145921274307899,1.1837168276152596
2020-09-18 16:00:00,1.18554,1.1865,1.18501,1.18649,1.18566,1.18663,1.18516,1.18663,0.0007280040626287398,0.0007549863831285098,-2.698232049977e-05,1.1837444213703316
2020-09-18 17:00:00,1.18648,1.18668,1.18502,1.18568,1.18662,1.18682,1.18518,1.18581,0.0007238276939163235,0.0007487546452860725,-2.4926951369749024e-05,1.183763680859184
2020-09-18 18:00:00,1.1857,1.18598,1.18501,1.18526,1.18582,1.18613,1.18515,1.18541,0.0006788025880144488,0.0007347642338317477,-5.596164581729893e-05,1.183778569606854
2020-09-18 19:00:00,1.18528,1.18533,1.18444,1.18491,1.18543,1.18546,1.18462,1.18504,0.0006078706379430976,0.0007093855146540177,-0.00010151487671092015,1.1837898276207162
2020-09-18 20:00:00,1.18488,1.18507,1.18353,1.18376,1.18504,1.18525,1.1841,1.18423,0.0004536319803323252,0.0006582348077896793,-0.00020460282745735406,1.1837895308284703
2020-09-20 21:00:00,1.18373,1.18444,1.18357,1.18381,1.18473,1.18537,1.18431,1.18481,0.00033160873598969687,0.0005929095934296828,-0.0002613008574399859,1.183789734501819
2020-09-20 22:00:00,1.18376,1.18478,1.18374,1.18478,1.18476,1.185,1.18418,1.18492,0.0003096063794705284,0.0005362489506378519,-0.0002266425711673235,1.1837995878898604
2020-09-20 23:00:00,1.18478,1.18494,1.18435,1.18449,1.18495,1.18509,1.18452,1.18465,0.0002657058849957483,0.00048214033750943114,-0.00021643445251368282,1.1838064576621006
2020-09-21 00:00:00,1.18447,1.18602,1.18423,1.18587,1.18463,1.18616,1.18439,1.186,0.00033836839348411196,0.0004533859487043673,-0.00011501755522025532,1.1838269904216816
2020-09-21 01:00:00,1.18588,1.18611,1.18536,1.18554,1.18603,1.18625,1.18552,1.18568,0.0003651168728586729,0.00043573213353522843,-7.061526067655554e-05,1.1838440352931077
2020-09-21 02:00:00,1.18555,1.18619,1.18554,1.1858,1.18569,1.18632,1.18568,1.18594,0.0004026535233900841,0.00042911641150619956,-2.6462888116115472e-05,1.1838634976284996
2020-09-21 03:00:00,1.18581,1.18668,1.18559,1.18668,1.18597,1.18683,1.18574,1.18681,0.0004976733661323784,0.00044282780243143534,5.484556370094311e-05,1.1838915225277185
2020-09-21 04:00:00,1.18668,1.18712,1.18652,1.1866,1.18684,1.18727,1.18665,1.18673,0.0005600658541369263,0.00046627541277253354,9.37904413643928e-05,1.1839184725523182
2020-09-21 05:00:00,1.18658,1.18694,1.18608,1.18625,1.18672,1.18709,1.18623,1.18638,0.0005746461127829061,0.00048794955277460804,8.669656000829807e-05,1.1839416718304046
2020-09-21 06:00:00,1.18625,1.18644,1.1854,1.18576,1.18638,1.18654,1.18555,1.18589,0.0005404323996105465,0.0004984461221417957,4.198627746875071e-05,1.1839597646480124
2020-09-21 07:00:00,1.18577,1.18677,1.18305,1.18329,1.1859,1.1869,1.1832,1.18341,0.0003104309730554977,0.00046084309232453615,-0.00015041211926903843,1.1839531003231567
2020-09-21 08:00:00,1.18325,1.18326,1.17907,1.18008,1.18342,1.18342,1.1792,1.18018,-0.00012937562579051765,0.0003427993487015254,-0.00047217497449204306,1.1839145620114835
2020-09-21 09:00:00,1.18006,1.18006,1.17796,1.1784,1.18018,1.18018,1.17812,1.17855,-0.0006064961733103225,0.00015294024429915584,-0.0007594364176094783,1.1838596907476877
2020-09-21 10:00:00,1.17838,1.17918,1.17748,1.17867,1.17853,1.17934,1.17763,1.1788,-0.0009518584692496113,-6.80194984105976e-05,-0.0008838389708390136,1.1838080520337804
2020-09-21 11:00:00,1.17866,1.17966,1.17791,1.17949,1.17879,1.1798,1.17805,1.17961,-0.0011461809692674407,-0.0002836517925819662,-0.0008625291766854745,1.183765086341902
2020-09-21 12:00:00,1.17946,1.17953,1.17624,1.17693,1.1796,1.17966,1.17638,1.17705,-0.0014895825750447234,-0.0005248379490745177,-0.0009647446259702057,1.1836970755325298
2020-09-21 13:00:00,1.17694,1.17796,1.17489,1.17493,1.17706,1.17808,1.17505,1.17507,-0.0019011982767216384,-0.0008001100146039419,-0.0011010882621176965,1.1836098409501166
2020-09-21 14:00:00,1.17495,1.17594,1.17306,1.17403,1.17508,1.17608,1.17324,1.17416,-0.0022738180056511847,-0.0010948516128133905,-0.0011789663928377942,1.183514519149618
2020-09-21 15:00:00,1.17404,1.17504,1.17309,1.17372,1.17417,1.17518,1.17324,1.17384,-0.002564573428537331,-0.0013887959759581786,-0.0011757774525791526,1.1834170612476316
2020-09-21 16:00:00,1.17369,1.17419,1.1733,1.17401,1.17384,1.17433,1.17342,1.17413,-0.0027400134501314177,-0.0016590394707928263,-0.0010809739793385914,1.1833234586481527
2020-09-21 17:00:00,1.17399,1.17567,1.17358,1.17529,1.17412,1.17581,1.17371,1.17541,-0.0027441329718915775,-0.0018760581710125766,-0.0008680748008790009,1.1832435237362309
2020-09-21 18:00:00,1.17527,1.17574,1.17491,1.17536,1.17539,1.17589,1.17505,1.1755,-0.002710504301226324,-0.002042947397055326,-0.0006675569041709982,1.1831650807139797
2020-09-21 19:00:00,1.17535,1.17743,1.17528,1.17635,1.17548,1.17756,1.17544,1.17649,-0.002574293755249535,-0.0021492166686941675,-0.0004250770865553673,1.1830972689655819
2020-09-21 20:00:00,1.17636,1.17725,1.1762,1.17696,1.1765,1.17742,1.17633,1.17722,-0.0023895784413903165,-0.0021972890232333973,-0.00019228941815691925,1.1830362016126905
2020-09-21 21:00:00,1.17614,1.177,1.17609,1.17636,1.17714,1.17777,1.17701,1.17736,-0.0022654900508580766,-0.002210929228758333,-5.456082209974369e-05,1.1829697717458976
2020-09-21 22:00:00,1.17627,1.17696,1.17625,1.17642,1.17727,1.17743,1.17646,1.17655,-0.002137665926642107,-0.002196276568335088,5.861064169298061e-05,1.1829045998877294
2020-09-21 23:00:00,1.17643,1.17662,1.17623,1.17623,1.17657,1.17682,1.17636,1.17636,-0.0020283146506705485,-0.00216268418480218,0.00013436953413163135,1.1828381859584982
2020-09-22 00:00:00,1.1762,1.17703,1.1755,1.17675,1.17635,1.17716,1.17568,1.17691,-0.0018780443956993853,-0.002105756226981621,0.00022771183128223555,1.182777606993737
2020-09-22 01:00:00,1.17677,1.17696,1.17519,1.17647,1.17692,1.1771,1.17536,1.17663,-0.0017612452569535364,-0.002036854032976004,0.00027560877602246774,1.1827148447350928
2020-09-22 02:00:00,1.17646,1.17668,1.17592,1.17629,1.17661,1.17683,1.17606,1.17644,-0.0016640237635547894,-0.0019622879790917613,0.00029826421553697186,1.1826509159317586
2020-09-22 03:00:00,1.17627,1.17709,1.1761,1.17674,1.17642,1.17725,1.17625,1.17689,-0.0015329924081735058,-0.0018764288649081103,0.0003434364567346045,1.1825921008478606
2020-09-22 04:00:00,1.17673,1.17681,1.17632,1.17681,1.17687,1.17696,1.17647,1.17696,-0.0014072784698186958,-0.0017825987858902273,0.00037532031607153153,1.1825345675060908
2020-09-22 05:00:00,1.17682,1.17684,1.17514,1.17518,1.17698,1.17698,1.1753,1.17532,-0.001422775772021323,-0.0017106341831164464,0.00028785841109512343,1.1824613877299108
2020-09-22 06:00:00,1.17519,1.17578,1.17332,1.17462,1.17534,1.17592,1.17346,1.17476,-0.0014633759287667747,-0.001661182532246512,0.00019780660347973734,1.1823833639714043
2020-09-22 07:00:00,1.17457,1.17507,1.17194,1.17231,1.17478,1.1752,1.17208,1.17242,-0.0016627820238948043,-0.0016615024305761705,-1.2795933186338874e-06,1.182283131494077
2020-09-22 08:00:00,1.17229,1.1749,1.17228,1.17441,1.17242,1.17506,1.17241,1.17453,-0.0016325414200903943,-0.0016557102284790151,2.316880838862086e-05,1.1822047918772205
2020-09-22 09:00:00,1.17442,1.1746,1.17326,1.17367,1.17454,1.17472,1.1734,1.17379,-0.0016492755177353047,-0.001654423286330273,5.14776859496832e-06,1.1821198685749597
2020-09-22 10:00:00,1.17365,1.17667,1.17364,1.17607,1.17379,1.17681,1.17377,1.17621,-0.0014521381239502862,-0.0016139662538542756,0.0001618281299039894,1.1820596708776965
2020-09-22 11:00:00,1.17609,1.17609,1.17451,1.17516,1.17622,1.17625,1.17464,1.17528,-0.001353729759885569,-0.0015619189550605344,0.00020818919517496528,1.1819910174361274
2020-09-22 12:00:00,1.17517,1.17552,1.1734,1.175,1.1753,1.17567,1.17353,1.17515,-0.0012739656027420665,-0.0015043282845968408,0.00023036268185477426,1.1819214550735788
2020-09-22 13:00:00,1.175,1.17599,1.17258,1.17278,1.17513,1.17615,1.17272,1.17296,-0.001374048207797962,-0.001478272269237065,0.00010422406143910292,1.181830495321603
2020-09-22 14:00:00,1.17278,1.17368,1.17024,1.17032,1.17299,1.17383,1.17039,1.17046,-0.00163304115241103,-0.001509226045871858,-0.000123815106539172,1.1817159630298457
2020-09-22 15:00:00,1.17034,1.17161,1.16909,1.1702,1.17047,1.17178,1.16924,1.17032,-0.0018269183465959848,-0.0015727645060166833,-0.0002541538405793015,1.1816013763330313
2020-09-22 16:00:00,1.17018,1.17158,1.16986,1.17034,1.17031,1.17174,1.17002,1.17048,-0.0019468287597428358,-0.0016475773567619137,-0.000299251402980922,1.1814893228371803
2020-09-22 17:00:00,1.17032,1.17159,1.17019,1.17096,1.17047,1.17173,1.17032,1.17109,-0.001969130892438997,-0.0017118880638973305,-0.0002572428285416667,1.181384553455716
2020-09-22 18:00:00,1.17094,1.17156,1.17042,1.17044,1.17108,1.17169,1.17055,1.17056,-0.0020056453167174304,-0.0017706395144613505,-0.00023500580225607986,1.1812756524263057
2020-09-22 19:00:00,1.17043,1.17113,1.17026,1.17104,1.17055,1.17126,1.1704,1.17117,-0.0019635338791381685,-0.0018092183873967141,-0.00015431549174145433,1.1811738051384817
2020-09-22 20:00:00,1.17102,1.17126,1.17015,1.17067,1.17116,1.17139,1.17087,1.17087,-0.0019376798026400355,-0.0018349106704453784,-0.00010276913219465708,1.181069289664467
2020-09-22 21:00:00,1.17035,1.1707,1.17008,1.17048,1.1711,1.17122,1.17079,1.17081,-0.001910498633843627,-0.0018500282631250281,-6.04703707185988e-05,1.180963923598154
2020-09-22 22:00:00,1.17045,1.17075,1.17039,1.17063,1.17091,1.17092,1.17054,1.17078,-0.0018554649701558734,-0.0018511156045311972,-4.349365624676214e-06,1.1808610984877246
2020-09-22 23:00:00,1.17064,1.171,1.17039,1.17055,1.17081,1.17115,1.17052,1.17069,-0.0017975842938176,-0.0018404093423884777,4.2825048570877596e-05,1.1807585004928218
2020-09-23 00:00:00,1.17054,1.17086,1.16771,1.16799,1.17068,1.17101,1.16792,1.16814,-0.0019359674186942843,-0.001859520957649639,-7.644646104464537e-05,1.1806314507366744
2020-09-23 01:00:00,1.16801,1.16901,1.16741,1.16876,1.16815,1.16915,1.16759,1.16891,-0.001960900437686375,-0.0018797968536569862,-8.110358402938856e-05,1.1805133268487473
2020-09-23 02:00:00,1.16876,1.16914,1.16753,1.16804,1.16894,1.16936,1.1677,1.16819,-0.0020155243079773566,-0.0019069423445210603,-0.00010858196345629625,1.1803892141437846
2020-09-23 03:00:00,1.16802,1.1686,1.16758,1.16811,1.16817,1.16875,1.16772,1.16826,-0.00202976780398334,-0.0019315074364135163,-9.826036756982372e-05,1.180267032908523
2020-09-23 04:00:00,1.16811,1.16812,1.16739,1.16777,1.16824,1.16827,1.16756,1.16792,-0.002044918488273151,-0.001954189646785443,-9.072884148770763e-05,1.1801426843223686
2020-09-23 05:00:00,1.16778,1.16897,1.16778,1.16875,1.16795,1.16912,1.16793,1.16889,-0.0019553081299443775,-0.00195441334341723,-8.947865271476466e-07,1.18002932427936
2020-09-23 06:00:00,1.16872,1.16936,1.16712,1.16907,1.16888,1.1695,1.1673,1.16921,-0.0018372908049866243,-0.0019309888357311087,9.369803074448435e-05,1.1799202762765804
2020-09-23 07:00:00,1.16909,1.16998,1.16743,1.16934,1.16922,1.17015,1.16758,1.16952,-0.0017023508403615217,-0.0018852612366571913,0.00018291039629566956,1.1798149998957188
2020-09-23 08:00:00,1.16932,1.17045,1.16812,1.17037,1.16958,1.17058,1.16827,1.17049,-0.0014950633941128721,-0.0018072216681483274,0.00031215827403545523,1.1797210197972539
2020-09-23 09:00:00,1.17036,1.17184,1.17007,1.17136,1.17048,1.17198,1.17019,1.17151,-0.001236646581306955,-0.0016931066507800529,0.00045646006947309796,1.1796378255704154
2020-09-23 10:00:00,1.17132,1.17167,1.17055,1.17076,1.17151,1.1718,1.17068,1.1709,-0.0010679536757602914,-0.0015680760557761006,0.0005001223800158092,1.1795494889975755
2020-09-23 11:00:00,1.17076,1.1711,1.16885,1.16888,1.17088,1.17122,1.16902,1.16903,-0.0010735879671326387,-0.0014691784380474083,0.00039559047091476955,1.179443324927948
2020-09-23 12:00:00,1.16886,1.16957,1.16844,1.16909,1.16902,1.16971,1.16859,1.16923,-0.0010490155405196155,-0.0013851458585418498,0.0003361303180222342,1.1793403067694608
2020-09-23 13:00:00,1.1691,1.17039,1.16785,1.16829,1.16924,1.17053,1.168,1.16843,-0.0010816267100903776,-0.0013244420288515554,0.00024281531876117778,1.1792303534682722
2020-09-23 14:00:00,1.16828,1.1683,1.16632,1.16738,1.16842,1.16843,1.16647,1.16754,-0.0011674431339980806,-0.0012930422498808605,0.00012559911588277983,1.1791124395034138
2020-09-23 15:00:00,1.16738,1.16877,1.16673,1.16772,1.16752,1.16893,1.16685,1.16786,-0.001194251521572376,-0.0012732841042191636,7.903258264678774e-05,1.1789990818964147
2020-09-23 16:00:00,1.16769,1.16893,1.16719,1.16807,1.16786,1.16909,1.16733,1.16821,-0.001173725312161089,-0.0012533723458075488,7.964703364645971e-05,1.1788903348128683
2020-09-23 17:00:00,1.16805,1.16844,1.16755,1.16803,1.1682,1.16858,1.16768,1.16818,-0.00114745862031862,-0.001232189600709763,8.473098039114314e-05,1.1787822717799044
2020-09-23 18:00:00,1.16802,1.16812,1.1656,1.16567,1.16816,1.16827,1.16576,1.16581,-0.0013020649600965495,-0.0012461646725871202,-5.5900287509429245e-05,1.178651801413935
2020-09-23 19:00:00,1.16568,1.16636,1.16508,1.1662,1.16582,1.16657,1.16521,1.16648,-0.0013660777338815322,-0.0012701472848460026,-9.593044903552961e-05,1.1785279028924034
2020-09-23 20:00:00,1.16617,1.16629,1.16541,1.16592,1.16646,1.16646,1.16557,1.16612,-0.0014229985368880982,-0.0013007175352544218,-0.0001222810016336764,1.1784024511223297
2020-09-23 21:00:00,1.16592,1.16615,1.16551,1.16589,1.16612,1.167,1.16612,1.16651,-0.0014537712624700383,-0.0013313282806975452,-0.00012244298177249311,1.1782779491211124
2020-09-23 22:00:00,1.16585,1.16638,1.16571,1.1661,1.16646,1.16659,1.16592,1.16629,-0.0014445616171285813,-0.0013539749479837525,-9.058666914482888e-05,1.1781567754980167
2020-09-23 23:00:00,1.16612,1.16616,1.1651,1.16562,1.16631,1.16634,1.16526,1.16577,-0.0014591744406686757,-0.0013750148465207371,-8.415959414793863e-05,1.1780320314632104
2020-09-24 00:00:00,1.16563,1.16727,1.16561,1.16724,1.16579,1.16741,1.16579,1.16739,-0.0013247636962552267,-0.001364964616467635,4.020092021240823e-05,1.1779246480655665
2020-09-24 01:00:00,1.16726,1.16793,1.16604,1.16608,1.1674,1.16807,1.16618,1.16624,-0.0012968947233245043,-0.001351350637839009,5.445591451450462e-05,1.1778067908708842
2020-09-24 02:00:00,1.16611,1.16649,1.16573,1.16609,1.16624,1.16663,1.16587,1.16624,-0.001259482910078713,-0.0013329770922869497,7.349418220823668e-05,1.1776902058870944
2020-09-24 03:00:00,1.16608,1.16647,1.16552,1.16553,1.16622,1.16662,1.16566,1.16566,-0.0012604909434608125,-0.0013184798625217222,5.798891906090976e-05,1.177569208813591
2020-09-24 04:00:00,1.16554,1.16577,1.16518,1.16521,1.16569,1.16589,1.16533,1.16535,-0.0012724432095754246,-0.0013092725319324627,3.682932235703814e-05,1.1774462316114658
2020-09-24 05:00:00,1.16518,1.16594,1.16423,1.1658,1.16534,1.16609,1.1645,1.16595,-0.0012202412162511944,-0.001291466268796209,7.122505254501463e-05,1.1773303487098592
2020-09-24 06:00:00,1.1658,1.16612,1.16474,1.16522,1.16593,1.16625,1.16486,1.16533,-0.0012117041420940389,-0.001275513843455775,6.380970136173622e-05,1.1772098477276716
2020-09-24 07:00:00,1.16519,1.16731,1.16492,1.16663,1.16533,1.16746,1.16505,1.16677,-0.0010787283245394796,-0.001236156739672516,0.00015742841513303628,1.1771045756109784
2020-09-24 08:00:00,1.16657,1.16675,1.1649,1.16563,1.16679,1.1669,1.16503,1.16577,-0.001042023871190123,-0.0011973301659760373,0.00015530629478591423,1.176990400729277
2020-09-24 09:00:00,1.16561,1.16592,1.16325,1.16342,1.16576,1.16605,1.16339,1.16354,-0.0011776882012306533,-0.0011934017730269606,1.5713571796307233e-05,1.1768553718662993
2020-09-24 10:00:00,1.16424,1.16502,1.16378,1.16427,1.16438,1.16515,1.16391,1.16439,-0.0012027507025302864,-0.0011952715589276257,-7.4791436026607015e-06,1.17673014428554
2020-09-24 11:00:00,1.16423,1.16536,1.16351,1.1638,1.1644,1.16551,1.16367,1.16394,-0.00124617288215223,-0.0012054518235725465,-4.0721058579683495e-05,1.176601486133445
2020-09-24 12:00:00,1.16381,1.1649,1.16258,1.1639,1.16395,1.16503,1.16272,1.16403,-0.0012580145000080645,-0.00121596435885965,-4.205014114841443e-05,1.1764751031868437
2020-09-24 13:00:00,1.16389,1.1652,1.16303,1.16386,1.16401,1.16533,1.16318,1.16405,-0.0012561466564477985,-0.0012240008183772798,-3.2145838070518715e-05,1.1763495797720491
2020-09-24 14:00:00,1.16385,1.16564,1.16343,1.16393,1.16403,1.16578,1.16361,1.16407,-0.0012347841390549785,-0.0012261574825128195,-8.62665654215904e-06,1.1762260018638695
2020-09-24 15:00:00,1.16391,1.1666,1.16351,1.16644,1.16405,1.16674,1.16366,1.16658,-0.0010037475896553794,-0.0011816755039413315,0.0001779279142859521,1.176128628710995
2020-09-24 16:00:00,1.16645,1.16686,1.16577,1.16618,1.1666,1.167,1.16593,1.16632,-0.0008320380698731977,-0.0011117480171277047,0.000279709947254507,1.1760296373805375
2020-09-24 17:00:00,1.1662,1.16862,1.16606,1.1679,1.16633,1.16877,1.1662,1.16803,-0.0005508179267974533,-0.0009995619990616545,0.0004487440722642012,1.1759487454663033
2020-09-24 18:00:00,1.1679,1.16809,1.16649,1.16658,1.16806,1.16825,1.16663,1.16671,-0.00042951077280029004,-0.0008855517538093816,0.00045604098100909156,1.17585552411838
2020-09-24 19:00:00,1.16656,1.1674,1.16626,1.16684,1.16669,1.16754,1.16641,1.16697,-0.00030883410487891894,-0.000770208224023289,0.0004613741191443701,1.1757658174107344
2020-09-24 20:00:00,1.16683,1.16739,1.16623,1.16623,1.16696,1.16759,1.16663,1.16723,-0.00025942834961423245,-0.0006680522491414778,0.00040862389952724533,1.1756709336554036
2020-09-24 21:00:00,1.16623,1.16701,1.16623,1.16662,1.16723,1.16794,1.16723,1.16731,-0.00018665257726024898,-0.000571772314765232,0.00038511973750498304,1.1755808746140564
2020-09-24 22:00:00,1.16669,1.16738,1.16667,1.16718,1.16732,1.16755,1.16709,1.16734,-8.28350624273444e-05,-0.0004739848642976545,0.0003911498018703101,1.1754972838218767
2020-09-24 23:00:00,1.16715,1.16766,1.16693,1.16732,1.16734,1.16781,1.16708,1.16745,1.0615526828461341e-05,-0.0003770647860724313,0.00038768031290089264,1.1754159178136987
2020-09-25 00:00:00,1.16728,1.16741,1.16636,1.16672,1.16745,1.16757,1.16651,1.16688,3.584757793384519e-05,-0.000294482313271176,0.0003303298912050212,1.1753293912682887
2020-09-25 01:00:00,1.16671,1.16737,1.1662,1.1667,1.16686,1.16752,1.16637,1.16684,5.361231794043242e-05,-0.00022486338702885434,0.00027847570496928676,1.1752435266785546
2020-09-25 02:00:00,1.16668,1.16715,1.16638,1.16661,1.16683,1.16731,1.16652,1.16676,5.974010776954586e-05,-0.0001679426880691743,0.00022768279583872017,1.1751576209404595
2020-09-25 03:00:00,1.16663,1.16688,1.16621,1.16642,1.16676,1.16704,1.16636,1.16659,4.8703588601206604e-05,-0.00012461343273509812,0.00017331702133630472,1.1750706794385644
2020-09-25 04:00:00,1.16642,1.16679,1.16612,1.16672,1.16656,1.16695,1.16627,1.16686,6.343334037994808e-05,-8.700407811208888e-05,0.00015043741849203696,1.1749875881008671
2020-09-25 05:00:00,1.1667,1.16713,1.16647,1.16677,1.16685,1.16728,1.16661,1.16694,7.823946111384927e-05,-5.395537026690125e-05,0.00013219483138075051,1.1749058210550873
2020-09-25 06:00:00,1.16676,1.16785,1.16636,1.16754,1.16692,1.16798,1.1665,1.16768,0.00015037258179018131,-1.308977985548473e-05,0.00016346236164566604,1.1748325293032955
2020-09-25 07:00:00,1.16753,1.16846,1.16634,1.16762,1.16767,1.16861,1.16648,1.16775,0.0002115552537524934,3.18392268661109e-05,0.0001797160268863825,1.1747607628425663
2020-09-25 08:00:00,1.16764,1.16786,1.16509,1.1655,1.16776,1.16798,1.16523,1.16564,8.796270040400955e-05,4.306392157369063e-05,4.4898778830318925e-05,1.1746686159486104
2020-09-25 09:00:00,1.16549,1.16551,1.16379,1.16432,1.16563,1.16566,1.16394,1.16444,-0.00010400255022990912,1.3650627212970678e-05,-0.0001176531774428798,1.1745656446456392
2020-09-25 10:00:00,1.1643,1.16521,1.16387,1.16433,1.16444,1.16534,1.16399,1.16446,-0.0002524197403248607,-3.95634462945956e-05,-0.0002128562940302651,1.1744637974352348
2020-09-25 11:00:00,1.16434,1.16446,1.16268,1.16307,1.16448,1.16458,1.16282,1.16317,-0.0004663372568913804,-0.00012491820841395256,-0.00034141904847742783,1.1743504263164761
2020-09-25 12:00:00,1.16305,1.16436,1.16282,1.16362,1.16317,1.16453,1.16294,1.16375,-0.000584747422213816,-0.00021688405117392526,-0.00036786337103989077,1.1742436559053668
2020-09-25 13:00:00,1.16361,1.16389,1.16247,1.16338,1.16374,1.16404,1.16263,1.1635,-0.000690000430119353,-0.0003115073269630108,-0.0003784931031563422,1.1741355598267065
2020-09-25 14:00:00,1.16336,1.16348,1.16136,1.16184,1.1635,1.16362,1.16151,1.16197,-0.0008874493630355307,-0.0004266957341775148,-0.0004607536288580159,1.1740132159478338
2020-09-25 15:00:00,1.16185,1.16228,1.16117,1.16171,1.16198,1.16245,1.1613,1.16182,-0.0010424028077644643,-0.0005498371488949047,-0.0004925656588695595,1.1738907958886513
2020-09-25 16:00:00,1.16171,1.16257,1.16141,1.16188,1.16184,1.16269,1.16155,1.16201,-0.0011383645914380125,-0.0006675426374035263,-0.00047082195403448624,1.173771285481799
2020-09-25 17:00:00,1.16188,1.16272,1.16149,1.16254,1.16205,1.16284,1.16164,1.16268,-0.001147925936578753,-0.0007636192972385716,-0.00038430663934018144,1.173659531397403
2020-09-25 18:00:00,1.16255,1.16291,1.16209,1.16214,1.16269,1.16307,1.16225,1.16228,-0.0011742440738078397,-0.0008457442525524252,-0.0003284998212554145,1.1735449091944437
2020-09-25 19:00:00,1.16215,1.16346,1.16212,1.16254,1.16229,1.16362,1.16228,1.16267,-0.0011495731662374276,-0.0009065100352894257,-0.00024306313094800186,1.1734354076104194
2020-09-25 20:00:00,1.16253,1.16308,1.16235,1.16277,1.16266,1.16381,1.16252,1.16355,-0.00109879598034901,-0.0009449672243013426,-0.00015382875604766735,1.1733292841516092
2020-09-27 21:00:00,1.1621,1.16261,1.16202,1.16237,1.1631,1.16347,1.16302,1.16302,-0.0010784002252473002,-0.0009716538244905341,-0.00010674640075676611,1.1732202365481106
2020-09-27 22:00:00,1.16243,1.16373,1.16243,1.16317,1.16304,1.16389,1.16304,1.16335,-0.000986313519965254,-0.0009745857635854781,-1.1727756379775875e-05,1.173120234194398
2020-09-27 23:00:00,1.16319,1.16351,1.16292,1.16336,1.16336,1.16368,1.16311,1.16351,-0.0008877690811266437,-0.0009572224270937112,6.945334596706752e-05,1.1730231174362449
2020-09-28 00:00:00,1.16338,1.16346,1.16143,1.16157,1.16352,1.16361,1.16162,1.16173,-0.0009432368959267912,-0.0009544253208603272,1.1188424933536033e-05,1.1729091560687201
2020-09-28 01:00:00,1.16158,1.1631,1.16158,1.16294,1.16175,1.16324,1.16175,1.16307,-0.0008666576978821894,-0.0009368717962646996,7.021409838251023e-05,1.1728099604859468
2020-09-28 02:00:00,1.16291,1.16369,1.16278,1.16341,1.16306,1.16385,1.16293,1.16356,-0.0007592904322017979,-0.0009013555234521193,0.00014206509125032135,1.172716428540813
2020-09-28 03:00:00,1.16339,1.16371,1.16329,1.1635,1.16354,1.16385,1.16343,1.16364,-0.0006593384100053168,-0.0008529521007627587,0.00019361369075744195,1.172624722784188
2020-09-28 04:00:00,1.16351,1.16394,1.16306,1.16306,1.16365,1.16411,1.16321,1.16321,-0.0006086143081704964,-0.0008040845422443063,0.0001954702340738098,1.172529551413201
2020-09-28 05:00:00,1.16305,1.16365,1.16253,1.16283,1.16319,1.16379,1.16268,1.16298,-0.0005802850055001141,-0.0007593246348954678,0.00017903962939535374,1.172433038463816
2020-09-28 06:00:00,1.16281,1.16364,1.16245,1.16262,1.16297,1.16378,1.16259,1.16275,-0.0005682288851118766,-0.0007211054849387496,0.000152876599826873,1.1723353962900467
2020-09-28 07:00:00,1.16261,1.1634,1.1622,1.16289,1.16273,1.16356,1.16236,1.16301,-0.0005307692023561739,-0.0006830382284222344,0.00015226902606606057,1.1722414122473597
2020-09-28 08:00:00,1.16286,1.16452,1.16248,1.16404,1.163,1.16465,1.16262,1.16416,-0.00040363390444375646,-0.0006271573636265389,0.0002235234591827824,1.1721598061553462
2020-09-28 09:00:00,1.16402,1.16491,1.1637,1.16455,1.16415,1.16504,1.16384,1.16468,-0.00025874290004579414,-0.0005534744709103899,0.00029473157086459573,1.172084086691114
2020-09-28 10:00:00,1.16454,1.16651,1.16438,1.16591,1.16467,1.16665,1.1645,1.16604,-3.378564132883177e-05,-0.00044953670499407825,0.0004157510636652465,1.172022652992695
2020-09-28 11:00:00,1.16593,1.16759,1.16532,1.16745,1.16604,1.16775,1.16546,1.16758,0.00026569694759559503,-0.0003064899744761436,0.0005721869220717387,1.1719771539579418
2020-09-28 12:00:00,1.16747,1.16773,1.16616,1.16625,1.1676,1.16786,1.16634,1.16639,0.00040157992242129126,-0.00016487599509665664,0.0005664559175179479,1.171920167351395
2020-09-28 13:00:00,1.16626,1.16795,1.16617,1.16696,1.1664,1.16808,1.16629,1.16709,0.0005601027098496303,-1.9880254107399245e-05,0.0005799829639570296,1.1718708124523762
2020-09-28 14:00:00,1.16695,1.1672,1.1642,1.16427,1.16708,1.16733,1.16434,1.16441,0.00046333164347744926,7.676212540957046e-05,0.0003865695180678788,1.1717951824777257
2020-09-28 15:00:00,1.16429,1.16603,1.16418,1.16595,1.16442,1.16624,1.16432,1.16608,0.0005162508177616321,0.0001646598638799828,0.0003515909538816493,1.171737021458047
2020-09-28 16:00:00,1.16596,1.16598,1.16508,1.16553,1.16609,1.16612,1.16521,1.16567,0.0005183242355881745,0.00023539273822162116,0.00028293149736655337,1.1716752600505043
2020-09-28 17:00:00,1.16552,1.16658,1.16531,1.16637,1.16565,1.16672,1.16544,1.1665,0.0005810504263574767,0.0003045242758487923,0.00027652615050868443,1.1716224713932852
2020-09-28 18:00:00,1.16638,1.16681,1.16607,1.16633,1.16651,1.16694,1.1662,1.16645,0.0006203823373434059,0.000367695888147715,0.00025268644919569086,1.171569809986387
2020-09-28 19:00:00,1.16634,1.16696,1.16606,1.16693,1.16647,1.16711,1.1662,1.16706,0.0006919913007958911,0.0004325549706773502,0.0002594363301185409,1.1715236427228408
2020-09-28 20:00:00,1.16691,1.16708,1.16591,1.16591,1.16705,1.16722,1.16616,1.16677,0.0006588417274233649,0.00047781232202655314,0.00018102940539681175,1.17146778558132
2020-09-28 21:00:00,1.16591,1.16636,1.16576,1.16628,1.16677,1.16714,1.16633,1.16662,0.0006548773411350073,0.000513225325848244,0.00014165201528676332,1.1714161658242919
2020-09-28 22:00:00,1.16627,1.16685,1.16617,1.16682,1.16658,1.16701,1.16642,1.16699,0.0006873852739162079,0.0005480573154618368,0.00013932795845437106,1.1713704328310153
2020-09-28 23:00:00,1.16684,1.16787,1.16667,1.16763,1.16701,1.16805,1.16682,1.16779,0.0007696363862215172,0.0005923731296137728,0.00017726325660774437,1.1713332145938908
2020-09-29 00:00:00,1.16761,1.1683,1.16743,1.1676,1.16778,1.16846,1.1676,1.16776,0.0008229141934552597,0.0006384813423820702,0.00018443285107318957,1.1712960681800213
2020-09-29 01:00:00,1.16762,1.16782,1.16664,1.16676,1.16777,1.16797,1.16677,1.16693,0.0007882695786844973,0.0006684389896425556,0.00011983058904194177,1.171250933173255
2020-09-29 02:00:00,1.16675,1.16743,1.16669,1.16702,1.16691,1.16757,1.16683,1.16716,0.00077288397362274,0.0006893279864385925,8.355598718414749e-05,1.17120883433571
2020-09-29 03:00:00,1.16703,1.16759,1.167,1.16739,1.16717,1.16774,1.16714,1.16755,0.000781537599587212,0.0007077699090683164,7.376769051889562e-05,1.171170835984111
2020-09-29 04:00:00,1.16741,1.16757,1.16708,1.16756,1.16755,1.16771,1.16723,1.1677,0.0007929723481396866,0.0007248103968825905,6.816195125709616e-05,1.1711349072678512
2020-09-29 05:00:00,1.16758,1.16785,1.16684,1.16707,1.16771,1.16799,1.16698,1.1672,0.0007538061557161857,0.0007306095486493095,2.319660706687622e-05,1.1710944604293652
2020-09-29 06:00:00,1.16708,1.16819,1.16643,1.16789,1.16721,1.16831,1.16659,1.16816,0.0007799431142936353,0.0007404762617781747,3.9466852515460614e-05,1.1710625752509636
2020-09-29 07:00:00,1.16788,1.16836,1.16661,1.16808,1.16813,1.16851,1.16675,1.16819,0.0008066892429308137,0.0007537188580087025,5.297038492211117e-05,1.1710328978852824
2020-09-29 08:00:00,1.16808,1.16857,1.1665,1.16826,1.16821,1.16873,1.16663,1.16838,0.0008328101215731021,0.0007695371107215824,6.327301085151964e-05,1.1710053068615482
2020-09-29 09:00:00,1.16819,1.16971,1.16803,1.16925,1.16841,1.16985,1.16817,1.16938,0.0009227588427707101,0.000800181457131408,0.00012257738563930208,1.1709878411216323
2020-09-29 10:00:00,1.16924,1.16978,1.1681,1.16978,1.16937,1.16993,1.16824,1.16991,0.001024994919574862,0.0008451441496200988,0.0001798507699547632,1.1709758228020142
2020-09-29 11:00:00,1.16978,1.17138,1.1695,1.17073,1.16995,1.17152,1.16964,1.17087,0.001169197031947622,0.0009099547260856035,0.00025924230586201846,1.1709733768039843
2020-09-29 12:00:00,1.17074,1.17098,1.16925,1.17028,1.17089,1.17112,1.1694,1.17039,0.0012329542763200863,0.0009745546361325001,0.0002583996401875862,1.1709664775323028
2020-09-29 13:00:00,1.17028,1.17268,1.16944,1.17234,1.17042,1.17283,1.16957,1.1725,0.0014331862566538955,0.0010662809602367792,0.0003669052964171164,1.1709801444225285
2020-09-29 14:00:00,1.17231,1.17429,1.17211,1.17303,1.17249,1.17447,1.17225,1.17316,0.0016287732924520348,0.0011787794266798304,0.00044999386577220446,1.1710005409954387
2020-09-29 15:00:00,1.17304,1.17415,1.17153,1.17159,1.17318,1.17429,1.17167,1.17173,0.0016485776846875133,0.001272739078281367,0.0003758386064061463,1.1710064062591656
2020-09-29 16:00:00,1.1716,1.17416,1.17091,1.17371,1.17174,1.17428,1.17104,1.17385,0.001814423545445587,0.001381075971714211,0.00043334757373137594,1.1710333076894226
2020-09-29 17:00:00,1.1737,1.17421,1.17313,1.17406,1.17384,1.17434,1.17326,1.1742,0.0019516027976582695,0.0014951813369030228,0.0004564214607552467,1.1710634240308213
2020-09-29 18:00:00,1.17405,1.17449,1.1736,1.17361,1.17418,1.17467,1.17373,1.17375,0.002000941496142161,0.0015963333687508505,0.0004046081273913107,1.1710887630951912
2020-09-29 19:00:00,1.17363,1.17438,1.17346,1.17391,1.17375,1.17452,1.17364,1.17403,0.002040726043431418,0.001685211903686964,0.00035551413974445377,1.1711168351041943
2020-09-29 20:00:00,1.17391,1.1744,1.17354,1.1742,1.17405,1.17455,1.17369,1.17449,0.0020717740386759775,0.0017625243306847668,0.00030924970799121074,1.171147513361864
2020-09-29 21:00:00,1.17418,1.17418,1.17361,1.17383,1.17457,1.17466,1.17417,1.17429,0.0020429737610050402,0.0018186142167488214,0.0002243595442562188,1.1711742047711988
2020-09-29 22:00:00,1.17379,1.17439,1.17379,1.17435,1.17425,1.17457,1.17421,1.17452,0.0020386091701118936,0.0018626132074214359,0.0001759959626904577,1.1712058047237242
